user_tenure_days,avg_basket_value,purchase_frequency,category_affinity_score,loyalty_tier,review_sentiment_polarity,is_high_propensity
359.606,91.481,5.16,0.21,4,0.298,1
283.408,99.891,2.872,0.904,1,0.08,0
377.723,92.78,3.769,0.688,3,0.14,1
482.764,129.76,5.509,0.574,5,0.427,1
271.902,51.669,5.543,0.821,5,0.078,1
271.904,61.305,7.174,0.955,2,0.374,0
489.506,57.957,4.335,0.09,4,0.141,1
392.092,114.057,5.113,0.737,3,0.116,1
243.663,116.514,3.625,0.365,5,0.254,1
365.107,100.793,4.864,0.75,2,0.448,0
244.39,126.422,5.379,0.676,1,0.496,0
244.112,43.769,4.303,0.777,5,0.677,0
329.035,143.353,0.892,0.55,2,0.165,0
70.406,138.313,5.163,0.275,1,0.817,0
93.01,110.747,5.229,0.56,4,1.0,0
232.525,147.363,3.14,0.731,1,0.274,0
178.46,27.018,1.931,0.853,5,-0.13,1
337.71,66.644,7.452,0.416,3,-0.122,1
191.037,59.264,5.483,0.855,1,0.251,0
130.524,110.252,4.042,0.52,3,0.192,1
475.878,48.245,2.226,0.722,3,0.402,0
272.907,111.512,2.856,0.548,1,0.552,0
308.103,132.969,7.105,0.686,4,0.014,1
129.03,109.332,4.775,0.828,1,0.349,0
234.674,94.931,3.399,0.405,2,0.248,1
313.311,50.424,5.519,0.514,3,1.0,0
161.881,55.36,2.871,0.687,5,-0.014,1
345.084,128.737,7.502,0.99,3,0.172,1
227.923,112.277,7.206,0.477,5,0.41,1
264.997,83.634,3.567,0.99,2,0.174,0
227.795,70.373,3.243,0.99,2,0.74,0
522.273,15.0,0.5,0.631,2,0.094,1
298.38,47.52,1.537,0.59,1,0.125,0
173.075,151.9,1.821,0.512,3,0.766,0
398.705,40.184,4.77,0.636,5,0.043,1
153.499,91.632,3.848,0.369,2,0.65,0
325.064,120.261,1.809,0.635,2,0.264,0
64.84,41.078,3.938,0.949,5,0.214,1
140.618,91.465,5.511,0.528,3,0.248,1
323.623,117.827,5.556,0.602,3,0.064,1
388.616,85.437,0.701,0.31,5,0.672,1
320.564,185.394,4.243,0.725,4,0.441,1
286.122,26.599,1.733,0.703,3,0.667,0
263.868,122.055,6.303,0.663,5,0.753,1
122.577,78.952,6.068,0.607,5,0.562,1
213.619,112.017,2.704,0.591,2,-0.036,1
244.723,100.446,2.968,0.75,5,0.109,1
426.855,59.34,3.577,0.644,1,0.655,0
341.234,93.015,0.5,0.713,2,0.417,0
88.435,19.973,5.172,0.693,2,0.595,1
338.89,106.114,3.954,0.875,3,0.373,0
253.79,95.436,6.44,0.785,4,0.271,0
218.769,107.353,2.303,0.689,3,0.595,0
373.401,122.034,3.262,0.954,1,-0.118,0
423.72,97.867,1.487,0.734,2,0.304,0
411.754,90.183,2.491,0.911,2,0.42,0
199.294,54.163,2.136,0.771,5,0.463,0
262.895,60.072,6.492,0.282,4,0.012,1
339.752,126.536,3.103,0.911,4,0.024,1
417.065,135.272,4.748,0.677,5,0.282,1
242.499,76.666,3.738,0.64,1,0.381,0
277.721,86.61,1.961,0.706,4,0.867,0
167.24,53.338,4.163,0.581,2,0.137,1
156.455,126.046,5.698,0.695,1,0.252,0
397.503,108.29,2.084,0.532,3,0.877,0
462.749,152.943,6.118,0.905,3,0.719,0
291.359,54.259,2.801,0.627,1,0.066,0
420.424,71.77,3.534,0.573,2,0.603,0
343.396,93.101,5.561,0.465,3,0.65,1
222.586,107.627,3.173,0.704,2,0.459,0
343.367,77.452,4.575,0.687,5,0.048,1
484.564,54.446,3.871,0.728,4,0.221,1
295.701,115.849,4.759,0.445,1,0.212,1
487.757,110.24,0.5,0.33,4,0.559,1
10.0,52.93,0.841,0.775,5,0.271,1
398.628,132.44,5.732,0.947,3,0.321,0
310.446,125.957,6.574,0.445,2,0.219,1
264.119,89.7,2.679,0.968,2,-0.068,0
311.011,87.786,4.012,0.707,5,1.0,0
61.492,104.392,5.089,0.649,1,0.521,0
273.639,54.84,5.886,0.57,4,0.842,0
342.854,86.051,0.5,0.373,3,0.065,0
477.347,15.0,2.728,0.848,1,0.856,0
237.808,115.676,3.835,0.495,5,0.281,1
202.981,30.348,5.906,0.494,5,0.559,1
239.789,137.62,9.497,0.848,2,0.698,0
409.848,73.446,4.044,0.273,3,0.853,0
339.45,77.592,1.686,0.345,1,0.386,0
236.429,63.029,5.305,0.646,2,0.099,1
361.592,74.919,7.142,0.709,3,0.396,1
311.649,134.649,4.716,0.747,4,0.577,0
416.237,15.0,2.687,0.59,4,0.239,1
215.754,129.694,6.416,0.99,2,0.273,0
260.681,96.831,5.827,0.604,1,-0.064,1
252.947,42.754,2.448,0.604,3,0.107,1
124.378,47.364,5.263,0.491,4,0.533,1
335.534,143.674,6.495,0.675,4,0.665,1
331.327,51.907,6.864,0.773,1,0.731,0
300.614,44.633,4.367,0.891,2,1.0,0
271.85,124.806,3.784,0.352,5,0.846,0
130.156,96.849,6.955,0.601,3,0.354,1
249.523,52.173,2.08,0.739,4,0.119,1
258.874,92.582,5.377,0.767,5,0.323,1
203.727,49.099,1.76,0.651,1,0.235,0
280.646,123.529,6.631,0.758,2,0.45,0
348.486,122.148,3.984,0.488,3,0.667,0
526.342,103.62,7.037,0.962,1,0.544,0
320.949,97.658,5.483,0.849,2,0.873,0
330.906,146.642,2.054,0.381,1,0.519,0
291.066,84.989,7.349,0.435,4,0.017,1
69.747,43.634,7.602,0.441,4,0.229,1
296.818,100.732,6.265,0.786,5,0.521,1
307.228,158.012,2.977,0.393,1,0.469,0
595.589,49.483,3.888,0.584,4,0.792,0
276.917,72.349,4.791,0.741,2,0.402,0
336.186,99.576,3.093,0.637,5,0.347,1
295.835,83.113,7.885,0.702,3,-0.072,1
159.759,50.619,4.789,0.437,1,0.158,0
437.139,124.265,0.5,0.769,4,0.493,0
390.232,166.201,5.179,0.527,2,0.463,0
394.924,91.865,3.804,0.585,1,0.578,0
190.874,53.358,4.35,0.698,2,0.535,0
468.335,30.786,3.763,0.671,5,0.366,1
131.778,94.029,6.114,0.655,4,0.099,1
370.423,123.636,6.739,0.5,4,0.4,1
562.855,101.631,5.066,0.59,5,0.387,1
181.136,84.916,3.821,0.65,2,0.812,0
232.044,64.375,4.417,0.375,1,0.798,0
311.958,46.774,4.539,0.557,2,0.256,0
239.583,114.216,2.895,0.728,1,0.213,0
113.92,116.982,5.658,0.395,5,-0.006,1
308.228,30.899,5.42,0.881,3,0.351,1
172.524,140.644,7.581,0.904,1,0.258,0
356.831,105.092,7.011,0.401,4,1.0,1
189.669,133.986,3.129,0.922,4,0.065,1
485.992,38.026,6.141,0.621,4,0.418,1
206.01,37.196,2.598,0.734,2,0.207,0
261.353,79.786,5.892,0.551,2,0.407,1
397.622,102.597,3.467,0.835,2,0.3,0
152.296,147.873,2.453,0.731,4,0.643,0
327.295,109.713,5.06,0.487,1,0.532,0
456.857,76.506,0.5,0.417,4,0.633,1
107.102,49.077,0.998,0.358,1,0.174,0
322.156,128.05,4.145,0.688,2,0.724,0
331.186,51.235,4.665,0.764,3,0.255,1
393.819,141.996,3.761,0.78,2,-0.022,0
151.566,75.047,1.341,0.626,5,0.345,0
141.545,140.67,2.864,0.419,1,0.434,0
362.633,108.763,5.282,0.514,3,0.025,1
335.638,80.205,5.664,0.88,2,0.662,0
330.059,66.821,4.468,0.553,3,0.157,1
341.574,73.068,6.814,0.679,4,0.144,1
218.397,99.991,5.295,0.435,1,0.4,0
327.87,87.7,3.005,0.717,5,0.657,0
335.169,64.217,3.939,0.558,4,0.035,1
214.278,79.203,1.694,0.859,3,0.682,0
523.893,87.75,4.284,0.805,2,-0.248,1
356.86,15.0,6.724,0.551,1,0.499,0
157.044,101.036,5.871,0.625,5,0.061,1
378.786,50.71,7.304,0.54,2,0.16,1
183.038,44.633,3.894,0.366,5,0.921,1
394.45,25.943,7.192,0.479,1,0.104,1
439.031,22.214,4.113,0.69,3,0.383,0
201.518,37.559,7.443,0.715,5,0.08,1
415.605,60.184,4.456,0.68,1,0.631,0
349.534,153.364,5.914,0.59,5,0.523,1
398.647,66.594,7.45,0.837,2,0.565,0
527.615,91.221,4.113,0.663,5,0.739,1
270.553,99.017,4.937,0.791,2,0.299,0
209.552,89.587,7.078,0.295,2,0.722,1
193.258,82.289,4.234,0.05,1,0.847,0
202.103,43.165,1.858,0.707,4,0.485,1
290.748,135.782,8.786,0.365,5,0.068,1
340.938,148.252,3.56,0.608,3,0.039,1
333.203,26.107,4.818,0.59,2,0.533,1
399.262,49.159,6.812,0.967,4,0.068,1
301.56,75.207,3.283,0.73,2,-0.003,0
474.424,51.241,2.484,0.683,4,0.665,1
268.241,102.709,5.007,0.817,4,0.262,0
626.42,59.51,0.914,0.724,3,1.0,0
375.08,160.777,3.924,0.558,4,0.203,1
197.141,126.669,4.99,0.864,3,0.251,0
171.493,92.44,3.96,0.428,1,0.508,0
357.897,120.945,1.413,0.715,2,0.461,0
273.184,123.707,7.688,0.34,3,0.375,1
385.68,65.262,4.707,0.691,2,0.368,1
356.789,56.432,7.362,0.689,5,1.0,1
291.261,87.735,3.98,0.985,1,0.898,0
198.385,115.157,2.74,0.337,5,0.653,1
118.218,89.867,5.038,0.53,5,0.032,1
246.418,29.805,4.068,0.815,4,0.378,1
402.768,56.901,2.144,0.717,4,0.598,0
325.691,82.411,7.44,0.686,5,0.624,1
150.511,82.352,3.255,0.459,4,0.783,1
320.782,154.039,0.819,0.532,2,0.208,0
346.238,36.49,7.156,0.899,4,0.388,1
193.937,102.696,3.491,0.64,5,0.173,1
318.447,137.119,3.284,0.725,4,0.8,0
306.985,164.501,0.969,0.627,4,0.61,0
162.844,70.846,7.982,0.413,3,0.248,1
342.934,102.2,1.921,0.837,3,0.467,0
367.294,104.942,4.617,0.751,5,0.415,1
429.966,91.842,6.325,0.99,2,0.136,1
426.456,81.54,5.343,0.447,1,0.679,0
134.68,100.259,4.381,0.815,1,0.423,0
187.461,15.0,1.097,0.388,5,0.241,1
361.804,108.872,2.881,0.681,2,0.131,1
361.654,89.416,4.876,0.845,2,0.656,0
361.806,77.213,2.926,0.236,2,0.48,1
762.328,156.64,4.907,0.609,3,0.192,1
368.507,61.377,5.863,0.537,5,0.251,1
436.268,70.892,6.425,0.51,1,0.402,1
414.48,154.704,2.048,0.727,2,0.419,0
378.167,55.878,8.893,0.874,5,0.458,0
262.168,65.746,6.035,0.623,1,-0.131,1
391.076,79.854,4.497,0.691,3,0.436,0
207.261,114.426,6.679,0.673,4,0.034,1
271.582,92.273,9.231,0.65,1,0.826,0
241.756,39.758,1.623,0.432,1,0.713,0
309.825,66.374,4.049,0.872,1,0.747,0
577.759,63.743,0.5,0.709,4,-0.338,1
75.928,82.297,4.885,0.729,2,0.31,0
382.351,99.905,5.231,0.489,4,0.377,1
106.474,99.637,4.422,0.558,1,0.572,0
243.368,22.84,3.191,0.615,3,0.67,0
430.674,122.238,0.5,0.343,1,0.785,0
307.714,93.84,5.247,0.312,3,-0.295,1
170.671,133.459,7.411,0.53,5,0.16,1
214.164,100.547,3.318,0.755,3,0.417,0
381.552,123.546,5.38,0.519,1,0.649,0
212.356,101.329,1.364,0.446,4,0.641,1
325.975,132.118,5.414,0.487,1,0.542,0
305.469,103.279,3.713,0.559,1,0.209,0
221.808,81.573,2.975,0.579,5,0.247,1
557.273,164.535,2.979,0.99,2,0.211,0
376.07,116.116,3.713,0.861,1,0.106,0
56.983,105.081,5.265,0.855,5,0.101,1
322.375,40.329,1.876,0.884,4,0.073,1
220.586,39.909,3.706,0.45,5,0.501,1
402.292,95.245,4.417,0.406,5,0.437,1
204.898,90.093,2.302,0.429,3,0.122,1
286.232,63.506,8.093,0.917,2,-0.113,1
360.598,89.934,2.793,0.541,2,0.289,0
403.891,140.602,3.161,0.4,4,0.844,0
155.964,109.339,2.543,0.564,5,0.402,1
259.86,45.065,8.097,0.602,4,0.64,1
243.007,81.097,5.606,0.704,4,0.454,1
221.6,56.826,2.627,0.7,2,0.383,0
511.855,71.431,6.712,0.484,2,-0.042,1
348.598,70.523,4.901,0.787,2,0.278,1
148.694,68.282,5.015,0.522,1,0.24,0
410.143,41.07,3.811,0.619,5,0.844,0
554.659,80.532,3.001,0.787,4,0.455,1
423.896,65.379,5.176,0.522,5,0.783,0
117.676,15.0,3.41,0.536,4,0.738,1
241.892,156.854,8.134,0.768,4,0.146,1
452.029,123.107,1.961,0.478,4,0.4,1
215.08,71.829,7.572,0.573,4,0.905,1
353.258,85.659,4.277,0.761,3,0.569,0
392.956,43.992,5.098,0.99,3,0.551,0
188.768,144.35,6.166,0.771,1,0.674,0
292.857,151.405,3.24,0.745,2,0.544,0
10.0,90.484,6.228,0.756,4,0.564,0
177.073,120.824,0.5,0.435,5,0.491,0
269.692,91.135,3.06,0.673,3,0.298,1
150.266,38.215,2.652,0.644,2,0.083,0
495.889,70.586,1.993,0.714,1,-0.157,1
128.383,89.617,4.07,0.673,2,0.301,0
247.195,69.091,5.271,0.726,4,0.531,1
315.689,77.347,5.905,0.588,2,0.472,1
472.953,81.801,4.982,0.662,4,0.591,1
127.697,82.169,3.169,0.404,3,0.362,1
439.58,86.829,5.238,0.586,3,1.0,0
301.228,47.879,4.749,0.928,4,1.0,0
182.219,59.904,6.372,0.714,5,-0.055,1
355.452,40.04,6.054,0.646,3,0.597,0
323.887,119.224,4.561,0.99,5,0.691,0
227.974,15.0,2.705,0.378,4,-0.237,1
308.376,125.376,3.194,0.428,4,0.45,0
253.762,133.522,3.4,0.99,3,0.555,0
313.622,74.424,3.869,0.659,5,0.398,1
379.456,15.0,5.036,0.601,4,0.516,1
490.322,72.354,5.93,0.41,3,0.424,1
151.462,82.754,4.398,0.74,4,0.611,0
555.964,49.629,4.532,0.759,2,0.865,0
65.749,66.967,4.787,0.431,2,0.631,0
281.786,138.557,3.468,0.622,3,0.753,0
370.598,108.272,2.649,0.583,4,0.083,1
333.719,52.64,0.989,0.701,3,1.0,0
225.276,29.084,3.11,0.426,1,0.494,0
275.025,73.554,5.446,0.9,3,0.283,1
240.84,77.529,3.094,0.833,3,0.525,0
229.276,102.367,4.024,0.577,2,0.237,1
401.952,66.264,5.433,0.607,2,0.441,1
342.842,102.902,5.541,0.623,4,0.49,1
216.851,152.73,2.341,0.494,3,0.194,0
407.952,113.543,6.494,0.561,3,0.447,1
336.876,83.317,6.755,0.596,4,0.19,1
397.543,78.59,2.24,0.973,5,0.188,1
375.555,72.516,2.852,0.839,4,0.097,1
200.521,126.322,6.882,0.837,2,0.288,0
232.778,63.044,4.206,0.724,2,0.235,1
389.675,86.583,0.5,0.427,3,0.542,0
373.244,86.792,1.701,0.642,2,0.729,0
297.492,67.438,4.001,0.844,4,0.599,0
314.079,36.964,2.174,0.398,3,0.692,0
453.32,96.304,3.673,0.777,4,0.666,0
229.011,82.865,4.565,0.99,4,0.122,1
365.652,102.508,7.425,0.862,3,0.3,1
275.737,66.324,3.919,0.933,5,0.934,0
273.878,127.729,6.645,0.694,2,0.237,0
431.853,54.313,7.358,0.844,1,0.956,0
399.05,144.921,7.369,0.506,1,0.275,1
397.621,23.833,5.07,0.809,1,-0.214,0
456.657,100.217,0.573,0.781,2,0.326,0
302.52,101.64,5.422,0.708,5,0.654,1
381.834,57.156,6.597,0.913,4,0.899,1
262.768,99.854,4.338,0.542,3,-0.043,1
338.9,129.783,7.989,0.613,5,0.648,1
284.383,15.0,6.22,0.669,1,0.668,0
311.64,102.596,5.637,0.444,2,0.79,0
371.419,15.0,6.673,0.695,2,-0.401,1
201.814,51.202,5.167,0.306,3,0.897,0
551.086,142.021,0.5,0.859,4,0.532,0
179.278,64.638,3.502,0.659,5,0.538,0
154.297,43.914,6.894,0.546,5,0.712,1
438.973,78.072,2.885,0.483,5,-0.201,1
395.0,157.377,4.053,0.603,4,0.704,1
374.894,20.891,2.41,0.788,4,1.0,0
375.401,48.204,8.068,0.76,4,-0.011,1
298.53,137.41,7.863,0.509,3,0.381,1
192.329,150.02,2.732,0.481,2,0.411,0
309.097,81.38,4.795,0.781,1,0.507,0
218.741,41.633,3.139,0.506,4,0.528,1
417.014,158.355,5.73,0.662,2,0.199,0
282.353,140.805,5.519,0.675,4,0.412,1
200.94,108.763,6.123,0.712,1,0.923,0
261.434,56.566,5.164,0.822,4,0.522,1
349.552,83.284,10.371,0.397,2,0.51,1
232.353,79.387,2.444,0.268,3,0.186,1
201.334,96.58,1.079,0.537,1,0.802,0
329.242,135.785,3.714,0.99,2,0.335,0
329.396,115.78,1.364,0.99,5,-0.215,1
239.167,47.292,1.515,0.99,5,0.526,0
243.475,133.177,2.497,0.611,5,0.612,0
327.846,95.96,2.656,0.294,3,0.31,0
126.23,109.047,2.591,0.181,4,-0.27,1
131.104,136.329,5.536,0.527,4,0.065,1
213.787,46.095,3.488,0.61,4,0.365,1
274.386,83.746,4.141,0.91,3,0.283,0
337.309,66.399,6.288,0.824,5,0.533,1
477.043,30.125,2.967,0.695,4,0.578,1
402.919,97.135,3.971,0.472,3,0.269,1
280.807,172.904,5.232,0.458,3,-0.02,1
297.718,20.597,0.617,0.701,2,0.836,0
179.696,83.87,0.5,0.789,4,0.568,0
297.778,107.419,5.192,0.728,5,0.601,1
265.361,89.308,5.484,0.443,1,0.515,0
338.726,81.041,8.628,0.78,3,0.729,1
200.732,39.527,4.816,0.735,2,0.286,1
362.322,93.148,6.139,0.436,1,0.648,0
483.929,58.513,4.109,0.493,3,0.601,0
286.949,15.0,5.094,0.788,2,0.591,0
348.205,126.811,7.835,0.603,4,0.042,1
382.817,118.544,0.5,0.968,2,0.442,0
251.854,86.808,5.327,0.75,3,0.516,0
326.891,93.018,8.771,0.553,4,0.934,1
301.511,122.601,5.064,0.648,5,0.43,1
311.721,92.852,7.801,0.663,2,0.725,0
207.239,116.641,3.242,0.504,1,-0.046,0
302.941,74.588,4.436,0.467,4,0.185,1
359.76,130.919,4.567,0.79,4,0.532,0
474.137,96.228,0.5,0.819,5,0.529,0
415.112,91.792,2.164,0.771,2,0.185,0
558.382,40.548,2.306,0.953,1,0.687,0
207.918,95.043,6.144,0.542,5,0.35,1
404.678,55.882,6.244,0.985,2,0.343,1
322.001,62.66,5.148,0.47,1,0.376,0
562.776,56.462,6.148,0.447,1,0.802,0
203.004,47.682,4.172,0.298,3,0.727,1
199.233,159.367,6.904,0.561,1,0.965,0
228.073,131.597,4.518,0.549,2,0.565,0
45.133,152.213,4.616,0.755,5,0.979,0
236.909,42.199,3.969,0.699,5,0.471,1
208.904,87.494,5.869,0.411,3,0.362,1
318.047,39.727,3.658,0.571,2,0.269,1
341.011,60.651,6.453,0.576,1,0.347,1
525.141,52.866,2.236,0.295,3,0.362,1
414.051,128.385,2.302,0.454,4,0.194,1
230.772,71.132,5.875,0.496,2,0.223,1
192.19,122.393,4.323,0.937,3,0.582,1
359.03,106.144,3.592,0.688,5,0.254,1
141.572,165.627,6.28,0.782,3,-0.11,1
519.775,33.219,3.285,0.35,4,-0.125,1
441.533,129.073,4.1,0.889,2,-0.229,1
243.699,125.125,7.298,0.91,3,-0.025,1
94.424,50.932,7.578,0.25,1,0.04,1
462.465,120.25,7.645,0.509,2,0.108,1
286.255,96.765,3.936,0.749,3,0.486,0
448.538,77.038,6.961,0.779,3,0.018,1
108.669,56.162,2.602,0.514,2,0.124,1
228.075,59.831,2.686,0.589,5,-0.15,1
300.629,156.743,0.5,0.531,1,0.202,0
305.638,85.024,7.846,0.672,2,0.617,0
245.992,112.375,2.772,0.889,1,0.393,0
374.742,57.319,4.247,0.496,1,0.425,0
171.886,57.705,2.679,0.85,2,0.399,0
282.914,122.869,5.89,0.494,3,0.015,1
314.435,37.765,3.749,0.48,5,0.277,1
361.733,70.468,1.89,0.814,1,0.466,0
385.394,86.191,5.383,0.834,1,0.691,0
165.043,88.898,1.633,0.82,3,0.509,0
115.906,78.732,2.825,0.387,2,0.664,0
453.321,98.854,0.5,0.557,5,0.074,1
339.878,109.25,1.652,0.815,1,-0.051,0
210.182,110.712,4.857,0.658,1,-0.126,1
486.138,50.497,0.571,0.435,2,0.645,0
313.881,75.055,1.538,0.742,3,-0.032,1
441.516,126.817,4.495,0.507,4,0.719,0
308.102,116.313,3.413,0.99,3,0.266,0
547.29,36.95,8.484,0.959,1,0.901,0
510.641,97.302,8.168,0.771,1,0.265,0
270.124,15.762,2.764,0.922,5,0.282,1
416.589,86.643,5.614,0.663,3,0.42,1
377.445,151.422,5.999,0.803,4,0.276,1
464.236,51.824,3.305,0.946,5,0.525,1
184.209,55.799,1.509,0.699,4,0.087,0
382.326,111.741,4.475,0.599,5,0.456,0
427.011,31.002,4.154,0.309,3,0.175,1
88.951,62.854,3.628,0.633,1,0.338,0
158.009,105.875,5.385,0.815,4,-0.013,1
55.292,62.8,2.999,0.839,3,0.662,0
267.671,76.741,2.196,0.751,4,0.293,1
386.105,111.046,4.718,0.542,3,0.675,0
480.283,99.754,5.272,0.255,5,0.179,1
308.891,94.339,2.147,0.551,3,0.397,0
495.434,73.131,6.356,0.589,5,0.678,1
134.388,97.952,0.959,0.587,1,0.047,0
95.594,80.669,3.344,0.774,5,0.135,1
293.334,101.023,3.984,0.99,2,0.643,0
346.088,67.607,3.228,0.675,1,0.804,0
296.077,78.61,3.37,0.607,3,0.405,0
51.907,50.351,8.242,0.598,3,0.109,1
289.306,83.775,2.798,0.675,2,0.305,0
143.464,56.615,9.382,0.484,3,0.991,1
380.361,46.008,5.374,0.674,1,-0.0,1
343.992,94.053,4.684,0.74,1,0.558,0
187.214,92.446,5.452,0.692,5,0.438,1
238.336,112.401,9.56,0.742,4,0.053,1
172.894,69.911,2.513,0.737,3,0.306,0
292.479,99.282,2.259,0.296,2,-0.141,1
414.617,104.278,2.99,0.777,1,0.486,0
181.713,100.567,4.564,0.516,1,0.53,0
360.486,56.102,1.048,0.431,1,-0.01,0
236.369,90.228,4.545,0.429,4,0.567,1
204.855,97.745,7.887,0.737,4,0.2,1
287.156,85.251,4.803,0.605,3,0.173,1
175.771,15.0,3.915,0.314,2,0.107,1
233.562,90.617,3.264,0.746,4,0.598,0
156.255,162.439,6.297,0.362,5,-0.102,1
535.767,72.399,2.848,0.678,4,-0.077,1
304.232,59.517,8.193,0.698,1,0.222,0
216.033,98.067,8.367,0.827,2,0.233,1
325.678,95.933,5.014,0.99,3,0.588,0
286.521,126.746,4.477,0.377,4,0.373,1
273.484,40.975,6.561,0.64,1,0.373,1
373.7,110.598,6.69,0.595,5,-0.086,1
390.901,105.665,2.888,0.737,5,0.331,0
236.34,80.025,3.447,0.693,3,-0.322,1
230.902,96.854,1.855,0.579,3,0.471,0
266.994,121.031,5.318,0.562,4,0.603,1
23.769,115.531,5.833,0.427,3,0.166,1
118.177,44.994,1.8,0.848,1,0.513,0
464.025,113.706,3.59,0.742,1,0.268,0
497.396,82.736,1.805,0.834,1,0.77,0
270.116,87.551,2.702,0.588,4,0.468,0
369.187,87.562,5.602,0.519,4,0.088,1
337.35,79.741,3.033,0.434,3,0.751,0
669.466,126.71,3.898,0.722,4,0.648,1
434.349,82.07,1.245,0.442,1,0.276,1
284.65,45.816,4.874,0.99,2,0.549,0
185.335,71.226,4.411,0.388,1,0.544,0
107.226,91.254,3.042,0.705,2,0.272,0
324.416,128.023,4.122,0.963,3,0.42,0
209.238,106.108,4.861,0.77,5,0.473,1
129.33,55.231,2.87,0.685,4,0.197,1
222.411,171.982,1.547,0.456,4,0.804,0
170.214,94.267,8.111,0.374,1,-0.193,1
502.457,129.639,3.233,0.804,1,0.603,0
405.797,79.69,4.306,0.951,2,0.034,0
299.043,103.668,6.522,0.562,4,0.327,1
477.593,114.381,11.558,0.422,3,-0.079,1
309.284,127.637,2.011,0.158,1,0.004,0
196.646,122.008,5.4,0.454,4,0.374,1
482.775,115.527,3.085,0.627,5,0.422,1
364.669,73.972,3.422,0.97,2,0.718,0
175.53,64.989,3.06,0.785,1,0.28,0
277.159,96.641,2.249,0.711,1,0.585,0
194.926,117.659,4.417,0.57,3,0.397,1
134.064,77.205,1.551,0.533,1,0.573,0
411.141,122.281,6.394,0.931,4,0.072,1
529.13,135.842,4.61,0.69,4,0.427,1
132.172,52.929,5.345,0.229,4,0.512,1
367.556,55.708,3.568,0.515,5,0.251,1
221.923,80.087,3.766,0.478,5,0.514,1
241.545,95.766,5.075,0.541,1,0.543,0
228.913,66.64,2.172,0.763,5,0.245,1
196.321,132.327,3.784,0.629,5,0.633,0
305.823,99.842,2.781,0.635,3,-0.291,1
200.286,86.381,2.719,0.913,5,-0.175,1
332.455,34.743,0.5,0.511,2,0.09,1
293.971,38.946,7.179,0.99,2,0.484,0
271.326,94.835,3.127,0.516,2,0.174,0
191.092,15.0,6.827,0.668,1,-0.001,1
230.787,120.442,6.638,0.594,4,0.373,1
390.647,79.465,1.928,0.675,3,0.43,0
360.11,198.508,2.323,0.739,1,0.209,0
182.693,165.777,9.621,0.737,4,0.045,1
311.92,78.649,8.002,0.499,3,0.402,1
390.166,81.278,4.437,0.425,3,0.638,0
99.671,119.845,5.015,0.99,3,0.036,0
365.203,144.611,3.238,0.553,2,0.874,0
220.485,27.669,5.365,0.79,2,0.23,1
368.472,22.477,3.066,0.328,2,0.209,1
208.409,63.229,0.5,0.594,3,0.44,0
83.414,105.396,1.857,0.625,3,0.431,0
104.695,102.391,4.542,0.745,2,-0.27,1
305.77,122.442,2.238,0.106,3,0.368,1
331.167,43.011,4.365,0.683,2,0.573,0
191.482,15.0,2.351,0.42,2,0.708,0
376.631,115.03,2.935,0.715,2,0.365,0
100.618,56.013,6.206,0.443,4,0.293,1
292.07,15.0,4.995,0.479,3,0.617,1
154.678,90.077,4.481,0.595,1,0.938,0
221.78,112.761,6.258,0.44,2,0.428,1
305.688,80.728,5.461,0.555,1,0.345,0
196.75,68.975,7.393,0.411,4,0.777,1
253.853,79.422,3.58,0.283,3,0.061,1
420.755,72.03,3.641,0.854,2,0.419,0
230.773,37.818,1.898,0.391,2,1.0,0
400.283,59.986,3.642,0.614,2,0.536,0
164.435,103.245,6.43,0.801,1,0.63,0
363.577,96.259,7.1,0.527,4,0.301,1
472.988,90.882,6.421,0.485,3,0.576,1
10.0,50.17,0.912,0.695,4,0.765,0
204.373,78.647,6.666,0.874,2,-0.054,1
369.249,15.0,0.823,0.416,4,0.371,1
275.635,91.247,6.296,0.62,1,0.505,0
344.538,135.01,3.764,0.304,5,0.383,1
227.522,33.405,5.905,0.571,5,0.254,1
310.391,64.493,1.835,0.657,3,0.819,0
281.319,96.519,6.842,0.479,3,0.461,1
440.134,128.849,1.57,0.559,4,0.19,1
330.531,69.312,3.163,0.368,3,0.695,0
340.512,60.771,2.504,0.665,1,0.817,0
250.575,16.088,0.991,0.861,2,0.742,0
241.487,88.62,4.689,0.431,2,0.275,0
248.093,156.473,8.112,0.525,4,0.288,1
347.334,94.708,9.834,0.751,2,0.088,1
249.482,84.22,4.694,0.892,4,0.476,0
334.773,96.273,6.733,0.351,3,0.73,1
549.048,84.612,4.964,0.616,3,0.569,0
404.535,56.544,5.498,0.707,1,0.926,0
260.877,113.815,3.816,0.63,2,-0.182,1
444.146,92.902,4.89,0.155,1,0.442,1
251.031,85.616,5.575,0.75,5,0.649,0
55.425,50.862,3.343,0.954,1,0.217,0
179.03,130.623,4.345,0.673,4,0.061,1
75.505,108.265,4.383,0.444,4,0.038,0
257.818,65.648,6.153,0.547,1,0.431,0
302.21,120.064,2.368,0.99,3,0.03,0
501.172,67.585,4.397,0.832,5,0.842,0
339.231,57.63,8.324,0.778,1,0.554,0
273.708,58.41,6.828,0.721,3,0.34,1
399.529,23.013,7.198,0.518,1,0.376,1
34.664,101.504,4.549,0.61,2,0.725,0
328.274,20.91,5.142,0.634,4,0.802,0
392.504,42.004,6.504,0.76,2,0.12,0
122.57,15.0,7.621,0.952,2,0.18,1
437.25,81.988,0.597,0.874,5,0.293,0
340.62,79.739,1.869,0.366,3,0.213,1
250.165,73.566,7.119,0.695,4,-0.141,1
375.934,48.51,3.946,0.797,2,0.156,0
572.483,43.972,3.157,0.774,4,0.189,1
321.824,101.253,1.992,0.524,3,0.04,0
329.786,65.731,3.39,0.99,1,0.532,0
244.877,96.073,1.695,0.395,2,0.362,0
198.019,54.016,8.682,0.433,3,0.585,1
399.64,91.337,4.455,0.697,4,0.105,1
197.27,130.615,4.384,0.99,3,0.59,0
308.588,105.516,5.676,0.483,1,0.443,1
242.681,70.566,6.425,0.597,3,0.235,1
357.478,94.002,6.392,0.865,4,0.881,0
340.039,76.577,6.647,0.646,2,0.434,0
424.505,85.276,3.238,0.583,2,0.242,0
238.798,73.604,3.904,0.763,5,0.484,1
267.615,79.248,6.038,0.705,4,0.116,1
182.548,92.423,3.445,0.856,5,0.347,0
246.685,50.232,4.49,0.908,5,1.0,0
345.276,49.444,5.298,0.711,1,-0.131,1
390.839,36.401,6.07,0.708,4,0.242,1
189.34,28.991,0.945,0.693,2,0.356,0
404.353,42.395,5.929,0.748,4,0.29,1
462.677,90.581,4.033,0.661,1,0.25,0
349.612,53.752,5.915,0.65,4,0.908,0
525.215,102.977,6.054,0.889,4,0.234,1
207.145,86.215,7.716,0.953,5,0.519,1
150.641,16.102,7.207,0.348,4,0.216,1
86.554,107.924,7.193,0.652,5,0.52,1
479.525,113.378,7.387,0.512,5,0.681,1
378.524,50.215,5.083,0.588,3,0.378,1
293.33,99.707,4.564,0.731,1,0.228,0
333.596,55.023,6.246,0.784,5,0.363,1
164.941,88.418,5.964,0.628,4,0.561,1
593.49,40.743,3.882,0.267,5,0.66,1
315.507,22.241,5.31,0.457,5,0.477,1
313.127,71.601,4.43,0.829,5,0.376,1
387.092,80.669,2.792,0.102,2,0.784,0
357.721,71.081,7.081,0.887,2,0.212,0
326.866,43.559,4.61,0.754,2,0.276,0
205.143,71.004,8.597,0.913,2,0.938,0
356.576,94.425,1.249,0.61,3,0.371,0
525.843,83.429,3.386,0.238,5,0.598,1
461.45,91.388,4.565,0.736,3,0.134,1
491.182,61.546,6.775,0.905,4,0.7,0
238.654,126.01,5.299,0.835,1,0.055,1
181.247,43.834,5.121,0.517,3,0.033,1
284.906,102.065,2.245,0.667,2,0.668,0
306.687,126.366,2.186,0.543,2,0.292,0
431.303,101.832,5.145,0.486,4,0.327,1
96.904,77.912,1.772,0.841,5,0.529,1
483.546,66.51,3.436,0.41,1,0.313,0
281.039,121.263,5.502,0.471,3,0.086,1
248.774,35.196,2.535,0.429,5,0.23,1
178.547,51.046,7.711,0.352,5,0.108,1
101.417,71.085,6.948,0.679,3,0.748,0
398.78,128.318,1.357,0.882,3,0.762,0
308.798,98.292,2.635,0.613,3,0.148,1
145.205,51.118,0.5,0.349,3,0.531,0
144.591,74.139,2.935,0.818,2,0.318,0
259.706,63.499,6.033,0.987,5,0.838,0
500.283,60.157,3.672,0.521,5,1.0,0
268.849,119.261,5.422,0.554,2,0.62,0
119.623,36.989,1.455,0.753,5,0.246,1
270.511,141.307,6.096,0.974,3,0.052,0
267.273,113.988,3.39,0.546,1,0.473,0
10.0,123.18,4.524,0.384,5,0.353,1
293.485,68.797,4.314,0.776,1,-0.033,0
272.288,79.752,1.957,0.81,1,0.424,0
383.545,34.84,2.194,0.651,2,1.0,0
521.875,66.637,6.436,0.538,4,0.642,1
435.188,102.278,5.298,0.849,5,0.051,1
267.733,130.362,6.6,0.756,2,0.394,0
167.217,46.25,5.149,0.496,2,0.512,1
608.803,72.207,4.786,0.66,1,0.548,0
307.106,79.705,1.048,0.38,5,-0.091,1
301.672,36.147,3.959,0.787,2,0.365,0
297.105,105.697,4.445,0.598,3,0.478,0
323.77,59.66,8.406,0.563,2,0.344,0
282.677,78.161,5.874,0.643,3,-0.179,1
231.161,69.182,7.572,0.658,4,0.355,1
234.377,57.373,5.695,0.829,3,0.635,0
296.07,84.753,3.077,0.768,3,0.228,1
234.789,77.454,4.734,0.619,1,0.259,0
214.459,71.985,4.972,0.803,2,0.819,0
312.772,59.504,2.622,0.73,4,0.34,0
269.403,96.183,3.731,0.565,2,0.434,0
480.479,142.877,4.088,0.625,3,-0.159,1
10.0,89.896,7.711,0.62,3,0.084,0
430.981,119.864,0.5,0.751,2,1.0,0
449.53,36.342,6.912,0.577,4,0.897,0
51.193,90.522,2.626,0.572,4,0.542,0
258.877,46.592,1.756,0.99,1,-0.286,0
255.427,33.308,6.86,0.838,3,0.0,1
131.099,59.122,5.964,0.498,3,-0.008,1
206.662,126.716,7.009,0.764,1,-0.012,0
166.731,118.251,6.101,0.674,2,0.284,0
510.272,93.505,8.62,0.728,3,0.634,1
412.281,31.355,5.617,0.677,2,0.21,1
452.587,78.13,4.187,0.888,4,0.307,1
386.601,95.56,5.186,0.719,5,0.308,1
164.514,91.144,6.987,0.638,1,0.671,0
237.058,20.467,2.941,0.858,3,0.668,0
358.725,53.839,3.196,0.697,1,0.449,0
153.345,82.757,3.882,0.674,4,0.784,0
385.56,103.77,0.5,0.713,4,0.285,1
271.161,15.0,4.776,0.631,4,0.924,0
255.022,79.326,0.728,0.652,4,0.218,1
385.315,90.007,4.606,0.533,5,-0.19,1
353.312,114.736,6.231,0.5,2,0.021,1
256.684,109.25,3.546,0.45,2,-0.006,1
439.12,105.39,7.854,0.372,5,0.178,1
170.272,57.002,1.579,0.474,2,0.739,0
373.912,18.22,6.883,0.615,4,0.265,1
371.172,71.243,5.85,0.671,2,-0.006,1
262.854,120.057,1.068,0.596,1,-0.037,0
339.136,133.771,9.922,0.179,2,0.383,1
149.866,109.869,4.373,0.965,1,0.857,0
410.883,100.027,2.745,0.867,3,0.466,0
277.812,98.287,1.686,0.739,1,0.683,0
237.273,65.536,4.06,0.99,1,0.521,0
425.881,80.448,4.245,0.455,4,-0.058,1
215.479,143.417,4.705,0.99,4,0.58,0
130.985,52.01,3.904,0.457,4,0.058,1
113.204,141.517,5.766,0.698,1,0.275,0
372.721,73.729,3.725,0.395,5,0.183,1
146.348,131.39,0.63,0.653,4,0.369,0
510.575,35.761,4.201,0.727,4,0.325,1
50.168,105.507,0.5,0.619,1,0.286,0
503.575,59.213,5.208,0.793,3,0.317,1
325.322,35.466,2.541,0.67,3,0.48,0
288.394,92.649,4.827,0.546,2,0.317,0
234.61,120.332,7.128,0.537,3,0.348,0
347.896,55.427,2.603,0.812,4,0.998,0
295.484,32.534,6.623,0.519,5,0.712,1
432.396,81.785,3.633,0.833,2,0.25,0
313.707,81.94,8.006,0.895,5,0.432,1
318.036,104.191,3.77,0.316,5,0.409,1
256.367,118.236,2.819,0.877,4,0.424,0
293.167,82.92,5.874,0.99,1,0.394,0
336.936,149.943,3.628,0.7,1,0.426,0
94.78,92.848,2.817,0.77,1,0.324,0
138.218,72.875,3.544,0.857,3,0.216,0
389.192,28.595,4.411,0.595,1,0.284,0
320.504,75.807,7.184,0.686,4,-0.121,1
277.922,73.226,0.632,0.387,3,0.609,0
302.212,118.611,4.546,0.678,1,0.545,0
341.71,101.187,5.75,0.75,5,1.0,0
235.229,43.722,4.887,0.753,4,0.041,1
206.603,91.029,7.12,0.863,4,0.279,1
323.501,108.504,4.351,0.495,2,0.75,0
182.595,138.481,4.131,0.543,4,0.508,0
348.99,116.063,5.685,0.99,5,0.889,0
95.69,111.63,4.699,0.62,4,0.843,0
423.499,87.103,3.719,0.69,2,-0.329,1
356.712,98.591,5.532,0.637,4,0.477,1
330.724,128.733,3.195,0.486,4,0.479,1
417.923,38.353,3.278,0.975,2,0.393,0
499.857,72.77,3.444,0.544,4,0.27,1
421.724,57.96,7.206,0.425,3,0.869,1
79.095,98.27,0.5,0.56,4,0.392,0
146.451,128.058,5.291,0.25,1,-0.541,1
225.022,64.106,4.569,0.52,1,0.267,0
303.131,15.0,1.138,0.456,3,1.0,0
362.119,70.572,5.119,0.773,4,0.065,1
212.911,116.972,5.452,0.515,5,0.765,1
322.412,103.817,5.679,0.828,4,0.713,0
209.354,99.987,0.5,0.93,1,0.323,0
226.618,75.2,7.233,0.806,2,0.457,0
131.201,40.234,3.025,0.607,3,0.379,0
189.212,103.035,5.873,0.678,2,0.242,0
137.798,55.8,5.982,0.345,5,0.199,1
182.895,161.443,2.747,0.623,4,0.826,0
426.437,104.968,5.821,0.478,5,0.348,1
186.072,64.677,3.729,0.789,2,0.168,0
615.886,63.602,0.5,0.99,4,0.565,0
359.198,81.747,6.835,0.75,5,0.528,1
322.18,76.617,2.95,0.252,1,-0.048,1
196.997,124.089,2.791,0.578,1,0.207,0
384.037,91.525,3.694,0.674,3,-0.11,1
230.923,59.393,5.044,0.667,1,1.0,0
314.641,151.165,4.385,0.504,1,0.291,0
607.21,86.726,5.596,0.699,2,0.197,1
288.473,111.909,1.821,0.401,1,0.25,0
437.913,63.712,3.015,0.461,1,0.174,1
215.619,97.709,4.268,0.779,2,0.345,0
295.801,95.889,8.296,0.447,1,0.771,0
512.496,18.862,4.272,0.758,1,0.429,0
224.764,155.535,6.67,0.376,3,-0.016,1
517.494,130.173,4.577,0.99,1,0.056,0
384.93,71.098,3.533,0.495,1,0.452,0
232.504,46.421,4.007,0.605,3,0.15,1
375.889,97.165,4.163,0.716,2,0.343,0
416.707,88.034,5.707,0.537,1,1.0,0
374.617,97.448,7.249,0.679,5,0.098,1
111.573,91.705,5.219,0.765,2,-0.034,1
212.744,102.718,6.874,0.842,2,0.178,0
270.298,135.656,2.57,0.808,1,-0.14,0
291.068,104.884,3.671,0.616,3,0.786,0
374.481,48.262,3.051,0.621,2,0.052,1
321.324,132.69,5.129,0.99,3,0.108,0
139.759,142.422,3.782,0.84,5,-0.0,1
345.624,195.322,5.96,0.466,3,-0.107,1
373.27,45.678,2.638,0.67,4,0.384,1
367.175,93.501,4.586,0.583,3,0.175,1
429.694,15.0,5.874,0.623,2,-0.141,1
400.071,104.36,0.5,0.404,3,0.288,0
355.102,65.813,8.743,0.568,3,0.51,1
291.58,152.321,3.934,0.99,4,0.267,1
100.685,57.888,0.5,0.766,4,0.58,0
351.554,25.879,4.816,0.152,1,0.91,0
324.923,68.506,4.567,0.893,2,0.644,0
332.589,15.858,4.336,0.868,1,0.465,0
146.79,111.288,6.482,0.578,4,0.644,1
170.273,15.0,5.995,0.793,3,1.0,1
426.378,85.996,5.096,0.478,4,-0.032,1
295.253,15.0,5.4,0.556,5,0.59,1
381.78,73.79,4.291,0.95,3,0.101,1
303.398,142.518,8.051,0.596,1,0.473,0
303.571,97.623,1.542,0.276,3,0.003,1
412.594,54.778,4.779,0.637,5,0.627,1
238.075,83.908,4.63,0.634,4,0.484,1
311.534,85.631,6.127,0.89,2,0.85,0
244.527,101.542,2.812,0.653,2,0.319,0
247.86,37.16,1.013,0.566,2,0.309,0
262.899,105.74,4.814,0.859,4,0.312,1
326.656,15.0,5.062,0.674,2,1.0,0
242.55,62.954,7.479,0.5,5,0.59,1
450.691,67.91,1.959,0.881,4,0.803,0
192.647,107.166,6.809,0.689,2,0.617,0
277.575,85.792,9.235,0.651,1,0.665,0
247.232,35.805,3.744,0.686,4,-0.043,1
473.637,50.525,1.918,0.436,4,0.232,1
323.587,91.954,3.686,0.544,3,0.214,1
423.821,82.233,4.528,0.651,2,0.418,0
121.733,64.731,5.628,0.611,1,0.369,1
332.046,68.171,3.317,0.904,5,-0.082,1
406.756,109.366,7.61,0.693,4,0.413,1
309.874,66.881,2.271,0.821,5,-0.204,1
427.858,81.917,1.022,0.652,5,0.633,0
237.925,160.948,6.713,0.861,5,0.431,1
469.122,35.171,0.5,0.73,3,0.774,0
575.868,20.186,4.092,0.653,5,0.464,1
256.459,112.426,10.735,0.647,2,0.261,1
246.54,61.247,4.476,0.459,2,-0.073,1
474.406,73.862,2.258,0.751,1,0.282,0
489.549,57.66,4.385,0.642,1,0.164,0
237.257,75.907,4.398,0.55,5,0.511,1
249.578,140.949,4.821,0.871,5,0.274,1
266.186,113.074,5.825,0.4,3,0.581,0
138.666,115.178,2.422,0.566,5,0.806,0
189.762,35.432,7.875,0.856,5,-0.024,1
179.503,44.71,4.99,0.713,5,0.399,1
207.864,15.0,5.954,0.64,4,0.386,1
295.838,56.672,3.244,0.7,4,0.494,0
328.106,118.485,7.073,0.686,3,0.606,0
486.06,103.093,3.986,0.347,3,0.876,0
180.198,77.247,5.055,0.58,2,0.067,1
418.119,84.219,2.634,0.973,3,-0.072,0
274.321,60.889,2.506,0.518,2,0.457,0
294.064,92.167,5.876,0.586,5,0.535,1
380.978,111.806,3.613,0.542,3,0.616,1
165.273,28.444,2.792,0.633,3,0.172,0
345.889,95.488,3.214,0.533,3,-0.073,1
319.974,117.635,5.898,0.747,2,0.766,0
359.094,70.471,3.242,0.689,2,0.554,0
334.7,109.525,4.265,0.805,1,0.286,0
594.636,183.513,4.53,0.44,2,-0.244,1
223.471,81.348,0.665,0.582,2,0.199,0
236.28,98.766,1.558,0.605,4,0.609,0
225.223,59.168,5.173,0.741,3,0.53,1
233.343,91.344,3.026,0.491,2,-0.013,1
223.514,101.11,6.613,0.833,3,0.586,0
442.682,91.819,6.434,0.887,3,0.374,0
470.461,49.311,5.938,0.452,4,0.78,1
231.51,92.223,8.14,0.552,3,0.191,1
200.117,136.177,4.334,0.544,2,0.215,0
356.57,100.702,5.798,0.99,3,0.435,0
233.733,118.67,3.331,0.564,1,0.275,0
375.952,76.705,9.405,0.986,1,0.138,1
324.351,111.247,8.467,0.397,4,0.952,1
118.111,94.774,4.524,0.452,2,0.826,0
485.701,51.718,5.273,0.513,4,0.112,1
515.505,96.148,7.219,0.481,1,0.466,1
226.465,50.291,4.206,0.596,2,-0.06,1
253.476,62.849,3.187,0.508,3,0.91,0
334.304,91.626,6.248,0.486,2,0.628,0
340.135,95.404,4.657,0.882,5,0.701,0
379.025,43.377,4.866,0.895,2,0.325,0
541.225,121.89,2.831,0.84,3,0.752,0
278.766,105.02,1.065,0.755,5,0.753,0
204.204,60.335,4.972,0.669,4,0.351,1
134.482,31.185,6.31,0.551,2,0.055,1
212.288,79.928,4.048,0.459,4,0.531,1
296.025,69.392,7.373,0.723,2,0.362,1
515.347,88.96,3.092,0.415,1,0.956,0
237.887,72.291,2.391,0.451,1,0.415,0
326.855,15.0,4.366,0.881,3,0.432,1
298.029,71.408,4.335,0.99,1,0.642,0
442.607,74.303,6.04,0.729,5,0.401,1
603.232,107.178,2.95,0.871,5,0.608,1
236.296,60.563,7.236,0.601,2,0.238,0
241.267,143.754,8.434,0.382,4,0.064,1
425.299,18.093,4.422,0.772,5,0.126,1
381.827,130.891,6.999,0.764,2,0.299,0
521.605,77.149,2.387,0.664,4,0.436,1
370.071,115.085,6.65,0.602,1,0.55,0
256.885,87.793,6.595,0.842,2,0.537,0
370.879,124.884,6.227,0.453,4,0.403,1
433.044,71.442,4.469,0.495,3,0.079,1
398.458,46.548,0.5,0.448,3,0.61,0
360.873,134.718,3.217,0.667,5,-0.05,1
428.001,81.028,3.248,0.432,4,0.05,1
440.315,92.755,2.543,0.513,3,0.414,1
465.859,128.216,4.744,0.509,5,0.639,1
377.845,48.882,3.662,0.598,2,0.588,0
279.946,105.842,2.851,0.353,2,0.37,0
317.606,64.354,2.382,0.667,4,0.533,0
444.781,80.374,3.069,0.899,4,0.08,1
201.968,87.53,6.743,0.677,4,0.231,1
344.241,32.492,3.178,0.958,4,0.236,0
252.799,57.741,3.47,0.917,3,0.108,0
303.449,132.288,3.587,0.806,3,0.292,0
453.414,116.017,5.178,0.665,5,0.337,1
322.932,82.808,5.412,0.655,3,0.261,1
305.572,93.509,0.5,0.803,2,0.323,0
136.817,74.702,6.543,0.572,5,-0.458,1
389.55,132.48,7.373,0.273,3,0.516,1
377.458,77.988,2.4,0.748,4,0.278,1
559.591,93.114,2.555,0.424,3,0.278,1
263.067,125.111,3.599,0.458,1,-0.016,1
326.298,57.792,2.988,0.65,5,0.865,1
329.926,139.558,4.948,0.631,3,0.88,0
489.294,31.434,0.607,0.368,3,-0.101,1
288.565,142.037,2.264,0.683,2,0.329,0
333.483,71.956,7.578,0.843,4,0.678,1
372.948,76.506,2.644,0.424,4,0.292,1
322.393,18.85,6.987,0.904,2,0.218,1
246.428,69.082,5.211,0.338,2,0.199,1
323.291,48.607,0.881,0.99,1,0.494,0
428.836,63.732,5.771,0.568,5,1.0,1
176.818,80.194,4.265,0.679,4,0.648,1
315.956,118.523,3.589,0.272,2,0.067,1
215.986,92.266,4.99,0.638,2,0.211,0
443.406,95.769,5.449,0.696,5,0.32,1
117.218,46.657,5.915,0.633,2,0.142,1
232.929,54.174,6.857,0.537,1,0.086,1
345.265,147.955,5.316,0.461,5,0.625,1
487.863,59.268,1.749,0.876,1,0.249,0
292.11,142.967,3.553,0.656,3,0.512,0
233.376,76.493,10.386,0.958,4,0.935,0
525.739,85.08,5.949,0.545,2,0.243,0
126.238,122.463,9.239,0.563,5,0.482,1
36.143,129.516,7.291,0.813,1,0.093,0
352.802,81.122,4.984,0.325,4,0.525,1
239.753,71.411,5.103,0.407,4,0.79,0
177.452,83.043,4.427,0.869,2,0.775,0
385.003,96.829,1.024,0.416,4,0.413,1
329.256,116.196,4.536,0.286,2,0.244,1
232.311,85.148,6.921,0.99,3,0.471,1
146.363,106.661,3.301,0.371,2,0.415,0
404.695,142.343,5.324,0.687,1,0.538,0
378.024,98.346,6.203,0.664,4,0.21,1
288.099,95.908,2.681,0.088,4,0.28,1
521.596,31.838,3.597,0.597,4,0.335,1
171.59,15.0,2.464,0.74,2,0.6,0
116.937,98.593,2.856,0.721,5,0.64,0
216.971,81.681,1.925,0.831,2,0.271,0
294.53,66.983,2.699,0.573,1,0.055,0
329.201,93.524,7.339,0.793,2,0.509,0
271.052,82.886,2.669,0.512,4,0.62,0
342.247,124.472,4.753,0.368,3,0.36,0
149.815,88.014,3.494,0.39,1,0.186,0
473.252,58.858,6.858,0.358,3,0.257,1
290.142,119.656,7.122,0.852,1,0.892,0
434.075,77.4,6.228,0.347,1,0.467,1
341.127,103.429,5.112,0.705,4,0.704,0
354.81,68.291,4.038,0.597,2,0.159,1
368.372,62.256,2.116,0.629,4,0.763,1
353.725,87.946,8.387,0.923,4,0.668,0
377.127,85.449,2.981,0.562,4,0.369,1
459.498,101.794,5.827,0.772,3,0.583,0
323.583,75.597,6.619,0.658,1,0.788,0
385.08,20.727,3.389,0.62,5,0.068,1
289.232,69.853,6.576,0.99,2,0.242,1
472.814,112.784,6.028,0.362,4,0.557,1
218.833,74.592,7.956,0.908,1,0.406,0
516.113,76.377,3.561,0.781,2,0.523,0
295.181,119.523,1.928,0.554,5,0.606,0
128.307,60.081,3.489,0.976,5,0.55,0
315.373,31.002,4.918,0.28,4,0.324,1
218.274,79.378,4.616,0.546,5,0.345,1
400.877,68.054,3.713,0.408,5,0.867,1
221.685,51.181,0.682,0.732,2,0.426,0
246.458,78.862,5.441,0.427,2,0.807,0
73.255,102.203,8.445,0.737,4,0.827,0
245.723,84.675,5.429,0.613,1,0.166,1
10.0,95.744,5.718,0.554,4,0.621,1
109.932,148.469,5.645,0.728,3,0.076,1
391.25,72.999,5.294,0.596,5,0.885,1
394.296,94.742,6.363,0.432,1,0.457,0
351.055,67.178,5.291,0.99,2,0.442,0
183.963,55.377,3.875,0.553,3,0.14,0
294.275,64.528,2.908,0.206,3,0.218,1
299.568,68.243,4.002,0.482,5,0.468,0
160.996,97.582,5.128,0.397,2,0.427,0
480.408,167.218,3.868,0.815,1,0.284,0
405.283,59.938,5.129,0.714,2,0.664,0
273.484,70.418,5.378,0.73,5,0.399,1
303.226,82.791,6.166,0.576,3,0.097,1
325.006,98.853,7.066,0.594,5,0.616,1
54.992,94.224,4.656,0.576,4,0.052,1
270.339,129.943,1.884,0.634,3,-0.177,1
218.162,15.0,3.81,0.817,5,0.429,1
179.806,15.0,4.588,0.717,1,0.091,1
266.268,67.644,0.828,0.75,1,0.453,0
515.722,123.406,7.277,0.75,1,0.645,0
376.901,30.202,4.785,0.827,4,0.695,0
231.459,15.0,5.263,0.708,2,0.549,0
368.71,104.991,7.231,0.722,1,0.002,1
467.923,93.528,3.24,0.888,4,0.184,0
410.956,46.843,5.648,0.517,1,0.402,0
307.156,50.506,4.28,0.479,4,0.405,1
222.368,51.059,4.132,0.413,1,0.117,1
383.787,88.869,2.956,0.687,2,0.261,1
347.218,63.079,7.831,0.279,5,0.643,1
407.423,102.292,3.749,0.742,1,0.551,0
376.221,15.0,5.899,0.628,5,0.307,1
425.946,55.01,0.75,0.877,1,0.709,0
235.772,45.588,6.86,0.516,2,0.002,1
458.087,76.028,6.604,0.609,5,0.647,1
323.712,66.168,4.695,0.874,4,0.605,0
549.031,112.925,4.046,0.927,1,0.624,0
217.297,19.923,5.3,0.514,1,0.489,1
508.316,86.592,9.078,0.686,4,0.204,1
323.749,104.542,0.974,0.709,2,0.578,0
221.83,149.983,6.064,0.725,3,0.275,1
241.934,68.138,2.677,0.597,1,0.462,0
261.558,96.356,4.46,0.906,4,0.182,1
350.9,21.865,4.004,0.272,3,0.297,1
362.74,15.0,3.643,0.566,1,0.357,0
231.156,114.567,4.479,0.74,5,0.52,1
297.077,84.805,2.232,0.741,4,0.57,0
557.072,126.248,6.558,0.921,5,0.909,0
507.305,36.931,0.912,0.89,2,0.444,0
352.359,103.197,5.58,0.593,3,0.116,1
304.56,150.409,3.847,0.91,4,0.64,0
314.404,99.69,2.158,0.507,1,0.501,0
373.622,94.68,4.905,0.836,1,0.343,0
177.265,85.299,1.386,0.99,3,0.28,0
269.115,30.019,4.579,0.893,5,0.215,1
99.77,132.445,1.654,0.671,5,0.205,0
347.907,63.62,5.423,0.584,4,0.034,1
377.664,102.657,2.651,0.344,4,0.69,0
242.018,30.294,3.598,0.712,5,0.53,1
488.878,43.719,5.088,0.427,4,0.428,1
152.908,135.228,2.955,0.491,5,0.214,1
124.275,72.844,4.384,0.412,3,0.727,0
326.934,135.865,1.472,0.558,4,-0.026,1
425.652,82.262,5.762,0.644,5,0.361,1
502.071,20.534,8.03,0.705,4,0.695,1
244.934,116.222,10.084,0.53,1,-0.198,1
429.442,64.354,4.682,0.864,1,0.453,0
295.379,109.454,6.076,0.608,2,0.202,1
279.285,85.882,0.939,0.492,5,0.436,1
406.039,30.991,7.505,0.695,2,0.288,1
378.279,90.75,6.052,0.99,5,0.578,0
110.833,161.868,3.532,0.717,4,0.77,0
477.185,102.255,6.974,0.577,5,1.0,1
465.611,82.987,3.991,0.345,1,0.366,0
224.932,122.637,3.584,0.606,4,0.621,0
347.496,92.373,5.451,0.697,1,0.503,0
359.284,92.334,2.373,0.572,4,0.525,0
331.281,46.793,6.543,0.317,5,0.843,1
233.963,93.185,2.388,0.48,5,0.195,1
219.405,121.241,2.4,0.941,1,0.293,0
296.934,55.738,2.681,0.937,3,0.347,0
440.727,134.857,6.019,0.473,5,0.105,1
365.232,81.79,3.266,0.785,3,0.4,0
255.526,53.928,1.804,0.414,4,0.597,1
392.604,119.917,3.289,0.931,3,0.649,0
10.0,74.962,4.436,0.699,1,0.345,0
437.852,111.583,2.138,0.84,2,0.743,0
91.234,74.788,2.197,0.307,2,-0.222,1
256.507,82.906,8.723,0.786,1,1.0,0
165.64,102.275,2.779,0.648,2,0.57,0
144.638,95.181,3.854,0.82,1,0.271,0
439.299,15.156,3.766,0.833,5,0.539,1
243.876,45.756,3.657,0.663,3,0.354,1
341.58,117.529,5.743,0.53,2,-0.227,1
294.37,80.375,6.396,0.806,5,0.414,1
357.245,66.669,3.888,0.638,2,0.673,0
309.219,37.45,2.027,0.475,4,0.689,1
146.041,47.209,7.049,0.466,1,0.476,0
419.552,15.0,4.309,0.355,1,0.687,0
240.749,81.455,7.961,0.548,5,0.531,1
113.21,64.055,0.5,0.871,4,0.467,0
248.626,51.169,4.891,0.686,3,0.193,1
480.091,82.616,8.337,0.544,4,0.296,1
402.027,97.739,3.793,0.811,4,0.323,0
258.162,158.262,4.049,0.484,3,0.486,0
258.089,32.084,5.091,0.669,3,0.641,1
261.404,125.578,3.382,0.614,4,0.216,0
549.21,119.059,3.876,0.806,2,-0.018,0
345.832,57.732,3.824,0.335,2,0.832,0
351.605,92.113,3.245,0.48,4,0.109,1
423.634,68.983,6.958,0.322,2,0.547,1
328.655,91.499,5.422,0.598,3,0.476,1
268.915,137.82,5.001,0.892,3,0.297,0
276.438,106.196,6.117,0.549,2,0.582,0
291.408,102.801,3.971,0.548,3,0.038,1
295.533,69.939,2.952,0.824,1,0.889,0
387.316,33.058,3.295,0.864,3,1.0,0
306.234,77.704,4.504,0.632,4,0.769,0
387.917,127.231,2.382,0.787,5,0.157,1
290.314,31.549,3.499,0.435,2,-0.298,1
309.436,48.072,3.468,0.926,2,0.543,0
60.216,89.419,8.749,0.99,3,0.012,1
409.959,50.537,0.5,0.754,3,0.276,0
341.579,57.262,4.141,0.233,5,0.857,1
419.761,70.174,7.951,0.538,5,0.887,1
10.0,37.203,4.744,0.773,4,0.919,1
550.605,50.906,6.007,0.566,1,0.43,1
283.249,109.62,4.7,0.904,4,0.669,1
432.982,39.242,3.165,0.768,2,-0.197,1
175.211,29.074,0.5,0.509,3,-0.05,1
373.533,62.949,4.911,0.656,4,0.314,1
173.59,110.618,2.949,0.471,3,0.652,0
225.148,78.108,2.899,0.613,3,0.272,0
529.684,68.74,3.502,0.539,4,0.641,1
277.118,86.553,7.99,0.885,4,0.054,1
326.092,23.9,9.31,0.99,5,0.431,1
404.408,102.315,4.934,0.364,1,0.565,0
359.482,98.42,3.57,0.265,5,0.627,1
318.05,70.674,2.146,0.601,1,0.265,0
343.795,120.207,5.437,0.346,4,0.409,1
588.41,45.538,8.066,0.659,1,-0.062,1
293.086,124.477,4.005,0.8,2,0.368,0
324.132,90.407,0.5,0.949,5,0.725,0
426.079,73.221,5.84,0.69,5,0.321,1
432.663,84.304,6.471,0.611,5,0.176,1
442.444,81.246,1.328,0.254,3,0.634,0
376.648,127.71,4.853,0.655,3,1.0,0
162.839,47.316,5.402,0.664,4,1.0,0
496.012,58.312,4.354,0.778,4,0.478,1
162.439,121.271,2.918,0.508,3,0.631,0
336.316,64.156,6.532,0.563,5,0.892,1
209.487,116.519,3.693,0.354,3,0.472,1
292.303,144.48,1.53,0.192,1,0.538,0
339.451,70.937,0.5,0.428,5,0.303,1
338.563,108.848,7.022,0.336,3,1.0,0
350.63,44.621,5.733,0.717,4,0.616,1
493.645,111.416,4.676,0.546,3,0.32,1
354.424,91.98,3.619,0.542,2,0.227,1
270.701,101.556,3.442,0.453,3,-0.157,1
415.69,62.405,2.349,0.05,5,-0.074,1
442.736,26.862,3.637,0.952,3,0.182,0
152.687,102.614,0.5,0.45,4,0.678,0
371.688,15.0,3.028,0.568,1,0.498,0
384.141,73.893,3.878,0.359,2,0.024,1
264.292,117.941,5.72,0.844,5,0.122,1
465.085,91.716,4.42,0.679,4,0.484,1
281.993,153.192,6.09,0.485,2,0.902,0
315.069,120.879,7.198,0.572,3,0.069,1
279.231,62.114,6.616,0.986,2,0.538,0
301.869,85.956,5.441,0.635,1,0.266,0
168.447,83.342,4.524,0.614,2,0.275,0
127.194,29.624,2.538,0.462,2,0.048,0
491.341,52.086,5.98,0.271,3,0.588,1
198.365,65.373,7.859,0.618,3,0.254,1
181.033,15.0,5.184,0.715,5,0.295,1
41.593,86.662,8.335,0.87,3,0.695,0
223.325,76.282,1.449,0.2,2,0.711,0
141.229,26.449,2.192,0.425,1,0.181,0
497.042,99.147,6.21,0.534,3,0.489,1
421.178,110.056,5.029,0.649,5,0.672,0
217.422,92.946,7.128,0.621,5,0.345,1
570.292,73.658,4.469,0.626,2,0.601,0
417.812,105.7,2.764,0.732,3,0.304,0
261.02,108.808,4.073,0.469,3,0.296,0
10.0,95.759,1.435,0.837,5,0.12,0
574.913,56.139,2.243,0.737,3,0.914,0
133.251,94.681,6.445,0.586,2,0.255,1
102.552,126.842,6.246,0.97,1,0.16,0
422.708,64.118,5.226,0.961,2,0.086,1
592.77,158.428,1.058,0.837,3,0.425,0
466.113,66.603,3.783,0.05,2,0.095,1
367.669,86.134,2.05,0.966,4,0.186,0
371.371,61.463,6.853,0.809,4,0.64,1
402.41,92.814,3.333,0.99,3,0.535,1
391.071,24.022,2.329,0.897,3,-0.004,1
333.743,65.889,4.56,0.966,1,0.617,0
312.504,46.776,3.22,0.826,2,0.41,0
292.489,89.737,7.467,0.92,1,0.741,0
209.524,119.806,3.03,0.99,3,0.825,0
266.319,107.61,1.702,0.693,3,-0.083,1
96.845,15.0,0.5,0.336,5,0.629,1
288.199,156.472,4.438,0.589,1,0.89,0
181.369,95.335,3.376,0.728,3,0.463,0
167.569,57.823,1.642,0.665,4,0.606,1
321.587,90.499,6.878,0.401,5,0.467,1
467.04,91.167,5.834,0.324,2,0.694,0
410.198,61.66,4.444,0.502,5,0.515,1
111.54,91.927,7.229,0.812,2,-0.207,1
181.245,63.738,5.825,0.966,4,0.364,1
412.893,70.847,2.854,0.833,2,0.344,0
182.102,60.98,2.422,0.861,1,0.614,0
273.044,34.857,6.136,0.634,2,0.753,0
366.006,90.104,5.293,0.302,2,0.332,0
183.799,105.485,4.839,0.559,5,0.033,1
312.645,103.021,2.807,0.598,4,0.492,0
139.917,113.697,5.716,0.551,2,0.167,0
227.836,96.352,2.989,0.661,1,0.218,0
338.374,66.355,4.296,0.738,5,1.0,0
108.841,114.388,7.394,0.821,4,0.197,1
352.857,37.487,3.178,0.594,4,-0.069,1
297.643,53.477,1.354,0.269,3,0.581,0
366.299,51.253,2.395,0.553,1,0.612,0
326.87,122.802,6.489,0.659,5,0.664,1
463.697,117.998,5.009,0.895,5,0.652,0
315.027,102.056,4.242,0.536,1,0.444,0
248.471,122.518,3.482,0.753,4,0.447,0
314.676,54.225,5.471,0.708,2,0.682,0
365.196,97.201,2.802,0.659,1,0.883,0
305.863,80.619,5.111,0.836,5,0.022,1
304.871,114.641,3.037,0.518,1,0.218,0
215.761,80.967,2.705,0.535,4,0.588,0
220.452,71.527,3.225,0.648,3,0.476,0
131.687,103.932,3.749,0.522,3,-0.137,1
509.949,115.666,4.402,0.752,2,0.228,0
150.736,61.608,4.971,0.507,2,0.491,0
216.851,82.862,0.5,0.695,4,0.404,0
213.791,47.955,2.885,0.63,2,0.292,0
407.391,15.0,3.717,0.693,3,1.0,0
264.606,92.016,7.51,0.558,4,0.393,1
449.729,106.312,2.34,0.582,4,0.469,1
219.181,94.172,4.826,0.669,4,0.44,1
333.479,16.765,7.49,0.69,1,0.464,1
199.758,72.72,1.874,0.649,2,0.411,0
557.418,15.0,5.288,0.99,5,-0.225,1
157.488,132.94,2.895,0.452,3,0.103,1
337.178,46.988,3.491,0.637,2,0.306,1
376.053,128.939,2.894,0.335,3,0.644,0
349.656,118.105,3.036,0.724,2,0.31,0
277.765,53.479,9.944,0.427,5,0.151,1
284.422,45.353,6.189,0.594,3,0.683,1
305.257,97.263,6.703,0.576,5,0.805,1
282.36,55.449,5.484,0.706,3,-0.06,1
415.665,88.587,1.287,0.539,1,0.429,0
565.263,68.101,5.29,0.531,1,-0.401,1
233.101,22.659,6.646,0.937,3,0.307,1
135.624,15.0,2.793,0.707,3,0.965,0
289.406,92.934,6.431,0.538,5,0.428,1
609.565,65.345,5.909,0.6,4,-0.014,0
203.559,65.642,8.204,0.979,3,-0.007,1
496.694,109.355,3.664,0.603,2,0.12,1
501.324,126.07,2.305,0.512,2,0.198,0
233.569,75.461,3.777,0.513,2,-0.168,1
368.278,73.079,7.371,0.54,1,0.499,0
495.408,102.505,0.843,0.531,5,0.563,1
254.505,37.507,0.5,0.394,1,0.295,0
275.57,92.81,4.679,0.425,2,1.0,0
230.198,104.316,3.615,0.484,3,0.271,0
178.229,108.808,4.515,0.768,2,0.761,0
222.087,17.214,6.391,0.574,3,-0.016,1
153.127,58.353,3.395,0.609,5,0.49,1
304.09,54.261,0.754,0.904,4,0.535,1
207.603,88.496,8.589,0.909,3,0.187,1
328.054,101.826,2.506,0.594,1,0.45,0
113.293,137.385,2.382,0.524,2,0.184,0
339.706,67.676,6.707,0.477,2,0.306,1
400.023,67.585,3.731,0.789,2,0.315,0
60.752,125.239,4.373,0.609,3,-0.022,1
344.887,95.38,5.466,0.573,5,0.557,1
447.32,129.368,6.667,0.487,3,0.578,1
154.843,95.105,3.833,0.496,1,0.288,0
500.709,44.501,7.54,0.714,2,0.473,0
350.282,38.341,0.5,0.387,3,0.124,1
215.399,30.697,6.02,0.849,2,0.024,1
293.308,108.172,2.821,0.543,1,0.28,0
366.999,126.601,7.245,0.62,4,0.607,1
309.121,149.728,4.784,0.383,4,0.377,1
364.651,114.509,3.154,0.648,4,0.268,1
189.519,125.699,5.826,0.584,2,0.501,0
320.323,64.699,6.286,0.64,3,0.125,1
130.354,44.525,5.784,0.944,2,0.032,1
286.653,114.753,2.441,0.686,5,0.294,1
191.531,99.619,3.532,0.491,3,0.145,0
211.736,88.761,4.492,0.508,1,0.043,0
448.331,98.558,4.417,0.769,4,0.671,0
430.957,96.311,5.999,0.91,3,1.0,0
373.097,129.934,0.5,0.706,3,-0.066,1
168.922,130.324,5.169,0.788,4,0.275,1
262.031,104.048,3.92,0.772,1,0.452,0
445.572,114.603,2.823,0.934,2,-0.116,0
317.006,102.992,3.015,0.26,2,0.333,1
578.32,68.859,4.071,0.783,3,0.355,0
347.198,111.48,0.5,0.847,4,0.544,0
323.046,36.193,3.097,0.382,5,0.168,1
262.906,121.886,2.748,0.473,1,0.231,0
316.025,43.192,5.566,0.48,2,0.691,0
281.704,95.003,2.889,0.504,1,0.526,0
384.973,55.42,4.07,0.554,1,0.618,0
414.804,104.369,7.585,0.699,1,-0.126,1
205.681,83.813,6.489,0.823,4,0.2,1
140.252,29.184,6.305,0.866,4,0.855,0
79.655,99.724,3.5,0.482,4,0.375,1
360.959,64.773,5.586,0.481,3,0.362,1
167.596,115.84,4.032,0.913,4,0.375,0
41.653,85.046,4.108,0.779,3,0.871,0
346.629,98.84,5.319,0.667,2,0.176,1
599.16,51.485,3.306,0.745,2,0.601,0
299.271,64.373,7.486,0.644,2,0.479,1
400.619,68.948,4.18,0.755,2,-0.01,1
309.82,114.985,5.737,0.583,2,0.31,0
288.133,143.708,7.411,0.704,4,0.15,1
410.289,56.819,6.563,0.348,5,0.018,1
265.167,122.69,1.682,0.512,4,0.759,0
332.087,15.0,5.39,0.515,5,0.034,1
338.604,43.203,6.201,0.575,4,0.625,1
219.829,51.443,6.284,0.465,2,0.142,1
419.045,37.662,2.273,0.543,1,0.807,0
279.005,29.574,3.186,0.347,5,0.274,1
209.311,99.455,6.489,0.76,1,0.501,0
364.381,77.508,2.976,0.633,2,0.23,0
192.184,98.279,3.901,0.309,5,-0.25,1
303.382,109.167,7.652,0.483,1,-0.1,1
298.906,94.297,4.404,0.717,4,-0.169,1
430.307,108.022,3.046,0.541,2,0.476,0
356.964,82.566,2.745,0.511,4,0.391,1
296.997,43.455,5.165,0.635,4,0.578,1
398.132,122.023,1.834,0.719,2,0.196,0
466.825,64.381,4.005,0.363,5,-0.251,1
366.937,52.254,5.166,0.76,3,0.791,0
301.242,78.773,7.098,0.49,3,0.697,1
142.58,53.052,5.835,0.646,2,0.512,0
172.186,70.39,3.072,0.643,3,0.733,0
263.373,97.042,6.857,0.545,1,0.37,0
226.859,97.192,3.901,0.445,5,0.48,1
277.563,53.576,2.029,0.593,4,0.189,1
306.798,67.93,4.156,0.975,4,0.079,1
363.563,122.602,7.376,0.378,2,-0.073,1
291.54,102.374,4.83,0.988,4,0.174,0
358.38,157.627,4.525,0.598,1,1.0,0
307.737,126.304,7.774,0.657,1,-0.056,1
62.944,125.05,1.637,0.433,2,0.119,1
187.28,36.425,1.929,0.496,4,0.434,0
282.709,111.735,1.268,0.549,3,1.0,0
154.837,83.141,5.245,0.441,3,0.085,1
371.991,65.716,4.833,0.608,5,0.211,1
483.69,90.881,7.585,0.569,2,0.601,1
446.251,118.082,4.987,0.99,5,0.584,0
274.387,102.529,3.692,0.417,3,0.192,1
478.887,54.253,4.504,0.671,3,0.15,1
317.84,110.986,4.735,0.7,3,0.534,0
259.55,62.684,1.156,0.436,5,0.309,1
226.392,92.584,9.921,0.787,2,0.486,0
263.704,74.383,5.54,0.57,1,0.349,0
253.419,77.34,4.92,0.152,1,0.505,0
320.45,111.819,5.73,0.782,3,0.536,0
319.269,48.593,5.919,0.427,2,-0.184,1
300.366,153.082,4.219,0.44,2,0.261,1
352.433,21.262,3.238,0.788,4,0.5,1
442.878,64.082,5.699,0.581,4,0.643,1
413.946,97.957,5.271,0.834,5,0.3,1
121.812,105.451,2.88,0.892,4,-0.153,1
10.0,81.483,7.338,0.521,5,0.775,1
412.118,82.991,5.087,0.809,1,0.657,0
135.975,99.369,5.96,0.499,3,0.432,0
273.028,76.913,7.284,0.99,2,0.261,0
159.586,133.761,4.544,0.511,1,0.58,0
83.762,114.377,5.134,0.855,1,0.264,0
364.976,115.549,6.12,0.819,5,0.663,1
391.099,51.185,3.05,0.713,3,0.939,0
230.819,82.221,4.608,0.516,5,0.254,1
10.0,74.484,4.751,0.62,1,0.634,0
234.451,49.804,2.588,0.219,2,0.203,1
347.016,97.606,9.135,0.695,4,0.708,1
122.531,66.182,1.685,0.72,5,0.326,0
322.003,107.939,1.904,0.677,1,0.834,0
298.163,47.543,7.128,0.055,4,0.317,1
369.515,145.166,5.927,0.397,4,0.131,1
314.35,53.628,2.448,0.5,1,0.3,1
183.232,92.676,5.715,0.708,3,0.333,1
443.589,112.715,7.436,0.708,1,0.471,0
280.976,65.028,4.439,0.616,2,0.301,0
296.723,114.836,9.698,0.777,4,0.474,1
188.008,41.979,1.052,0.445,2,0.479,0
246.806,135.824,5.888,0.772,5,0.272,1
193.824,85.495,6.833,0.745,4,0.499,1
279.246,64.126,6.283,0.726,3,0.224,1
505.405,74.529,4.091,0.614,1,1.0,0
135.372,113.312,3.919,0.99,5,0.49,0
106.373,64.544,5.388,0.749,2,0.584,0
476.54,58.772,6.132,0.456,5,0.341,1
274.881,77.246,5.705,0.7,3,0.184,1
219.711,43.806,6.58,0.8,1,0.651,0
424.789,148.719,2.462,0.532,5,0.499,1
227.326,65.176,4.044,0.868,2,-0.384,1
519.121,114.107,2.62,0.726,5,0.978,0
381.351,92.331,3.728,0.182,1,0.621,0
241.451,50.541,6.53,0.71,5,0.286,1
558.877,84.792,4.716,0.569,2,0.582,0
227.314,112.44,9.714,0.757,1,0.526,0
389.051,78.411,4.887,0.839,3,0.549,0
335.915,126.759,4.619,0.689,3,0.139,1
456.209,120.753,4.712,0.983,4,0.421,0
487.381,117.162,3.224,0.614,5,0.491,1
303.84,68.912,4.384,0.775,2,0.77,0
209.59,47.206,6.756,0.811,5,0.431,1
355.197,63.524,4.728,0.631,1,0.529,0
218.674,91.868,2.913,0.806,4,0.127,0
541.606,104.103,2.65,0.531,2,0.42,0
316.384,15.0,3.6,0.565,5,0.66,1
256.161,84.716,4.648,0.388,2,0.195,1
322.162,90.533,6.887,0.698,1,0.284,0
138.345,75.286,1.819,0.715,4,0.111,1
183.406,130.195,3.86,0.886,2,-0.007,1
444.05,99.762,4.789,0.808,1,0.142,0
221.173,130.857,0.833,0.593,3,0.569,0
174.371,77.441,2.833,0.414,2,0.326,1
364.398,117.812,3.14,0.737,4,0.143,1
442.284,142.227,2.908,0.872,2,1.0,0
386.274,130.909,4.884,0.801,2,0.189,0
419.526,46.775,4.179,0.867,1,0.587,0
209.185,76.121,3.389,0.608,5,0.5,1
129.383,72.919,5.356,0.557,5,0.474,1
480.16,102.124,7.946,0.503,2,-0.149,1
261.278,109.022,7.779,0.639,4,0.781,1
269.9,55.639,0.654,0.634,4,0.496,0
459.383,87.374,5.654,0.691,1,0.676,0
366.748,15.0,4.144,0.624,2,0.742,0
354.707,135.468,4.81,0.623,2,0.914,0
559.8,67.067,3.703,0.495,5,0.1,1
222.778,86.955,4.735,0.838,1,0.184,0
411.341,74.162,4.803,0.665,3,0.225,1
306.842,125.111,3.342,0.615,4,0.14,1
332.231,15.0,2.707,0.501,4,0.797,1
483.416,84.419,3.603,0.384,2,0.099,1
360.94,81.296,4.969,0.912,1,0.286,0
364.596,69.123,5.698,0.761,3,-0.089,1
428.701,145.418,6.207,0.325,4,0.62,1
256.206,53.943,3.512,0.803,1,0.362,0
199.295,112.013,5.068,0.834,3,0.665,0
174.623,97.469,6.425,0.675,2,0.61,0
64.037,129.153,6.831,0.97,5,-0.092,1
546.745,61.648,4.382,0.693,4,0.455,1
167.615,59.346,4.058,0.367,4,0.073,1
273.45,123.362,4.882,0.723,3,0.442,0
266.782,99.886,2.201,0.699,5,0.224,0
336.889,30.927,4.113,0.529,1,0.95,0
397.888,66.124,5.989,0.765,2,1.0,0
403.257,98.523,5.784,0.316,1,0.327,1
230.031,114.322,3.959,0.848,3,0.43,0
279.945,61.227,4.935,0.474,4,-0.286,1
333.91,15.0,2.851,0.453,4,-0.093,1
270.157,103.313,5.907,0.627,1,0.516,0
492.881,42.289,4.344,0.737,2,0.39,0
358.917,15.0,3.948,0.683,3,0.526,1
388.185,15.0,3.777,0.501,2,0.161,1
379.546,113.489,4.374,0.549,3,0.491,1
440.817,89.502,3.604,0.423,2,-0.359,1
321.723,77.102,5.816,0.605,1,0.217,0
144.38,133.616,3.709,0.865,5,0.54,0
347.963,107.306,7.686,0.649,3,0.909,0
221.837,141.571,7.43,0.822,1,0.365,0
236.566,36.254,2.717,0.941,4,0.577,1
370.364,83.791,4.639,0.532,4,0.199,1
448.594,28.415,3.199,0.613,2,0.533,0
302.553,76.972,3.847,0.99,4,0.252,1
337.06,76.298,8.505,0.939,5,0.986,1
504.266,106.931,3.885,0.316,3,0.301,1
328.89,86.595,5.22,0.727,2,0.349,0
612.202,106.819,5.583,0.65,3,0.632,0
367.861,109.62,2.499,0.815,3,0.551,0
88.708,160.423,2.79,0.501,1,0.29,0
390.401,73.965,2.088,0.482,4,0.523,1
345.739,52.064,2.728,0.515,3,0.084,1
454.77,93.613,0.5,0.536,5,0.468,1
380.782,56.92,5.589,0.813,5,0.565,1
283.385,136.869,8.608,0.414,4,0.273,1
153.084,75.087,4.796,0.525,4,0.289,1
274.917,65.205,1.667,0.292,2,0.211,0
197.938,68.504,3.214,0.851,2,-0.031,0
230.337,110.145,3.582,0.904,2,0.525,0
370.629,79.479,2.465,0.585,4,0.257,1
500.389,62.542,6.22,0.59,3,0.567,1
347.361,143.287,6.121,0.741,1,0.345,0
156.494,55.034,2.189,0.945,2,0.584,0
353.352,86.245,5.95,0.732,1,-0.114,1
443.596,107.831,7.554,0.51,5,0.056,1
226.826,27.903,8.305,0.326,4,0.147,1
283.918,101.809,10.23,0.427,5,0.759,1
301.763,48.071,2.696,0.665,2,0.521,0
205.812,113.797,10.148,0.519,3,0.321,1
377.794,51.307,3.792,0.689,2,0.257,0
285.486,109.247,3.315,0.539,1,0.579,0
350.344,123.704,5.154,0.438,2,0.223,1
193.501,115.15,3.336,0.415,3,0.621,0
247.505,93.796,5.298,0.962,3,0.336,0
386.686,76.904,1.86,0.828,4,0.788,0
255.26,64.825,4.022,0.99,4,0.117,1
507.236,136.486,7.071,0.758,3,0.362,1
252.044,60.518,4.386,0.564,3,0.124,1
326.962,48.703,4.783,0.915,1,0.888,0
411.911,108.288,5.451,0.643,2,0.406,0
129.796,57.135,6.841,0.694,4,0.098,1
88.703,51.748,1.19,0.641,1,0.129,0
116.921,34.474,5.669,0.061,2,0.554,1
451.51,68.098,3.964,0.971,4,-0.146,1
233.777,82.105,4.833,0.748,1,0.347,0
606.984,93.508,6.62,0.716,5,0.144,1
232.29,118.296,2.112,0.638,5,0.352,1
322.146,103.441,2.475,0.683,4,0.43,1
485.053,78.319,0.629,0.531,1,0.37,0
540.731,78.063,3.402,0.773,2,0.32,0
547.38,102.856,7.161,0.389,2,0.45,1
445.004,129.54,4.259,0.687,1,0.925,0
422.888,89.421,1.82,0.762,5,0.782,0
371.103,68.58,3.529,0.61,1,0.299,0
393.403,50.25,1.524,0.724,5,0.618,1
233.858,34.418,2.25,0.452,5,0.603,1
201.816,108.319,5.278,0.457,2,0.286,0
299.595,105.229,2.152,0.697,4,0.39,0
279.578,105.208,6.725,0.786,3,0.561,0
245.613,80.497,4.358,0.275,1,0.181,1
383.566,134.243,4.671,0.754,5,0.328,1
414.637,68.056,3.943,0.541,1,0.341,0
310.609,118.434,6.046,0.611,4,0.319,1
477.304,83.644,6.066,0.382,4,0.307,1
162.997,63.708,5.17,0.48,3,0.533,1
276.761,105.739,5.63,0.843,3,0.408,1
213.981,99.337,4.076,0.657,5,0.592,0
76.016,97.494,5.584,0.573,3,1.0,0
290.078,87.845,3.824,0.627,5,0.239,1
285.39,83.674,4.504,0.748,2,0.465,0
481.614,168.593,3.951,0.738,5,0.553,0
375.697,126.449,3.586,0.635,3,0.728,0
177.098,110.299,3.122,0.869,1,0.53,0
522.491,88.913,5.435,0.844,3,0.072,1
446.524,120.251,7.121,0.733,4,0.201,1
369.852,103.13,6.842,0.661,3,0.444,1
272.822,85.917,1.987,0.781,2,0.193,0
184.867,74.375,7.078,0.713,5,-0.043,1
255.335,82.168,3.864,0.862,4,0.158,0
430.65,15.0,5.701,0.83,5,0.16,1
526.15,92.371,2.688,0.446,5,0.097,1
485.189,67.903,4.784,0.433,3,1.0,1
241.338,140.743,5.127,0.51,1,0.495,0
165.646,85.677,1.531,0.845,4,0.435,0
316.906,43.386,5.717,0.335,2,0.676,1
87.787,83.254,7.192,0.729,2,0.939,0
338.78,48.386,4.151,0.723,1,0.516,0
282.288,101.569,7.22,0.883,1,0.705,0
244.076,95.183,4.121,0.686,3,0.249,1
108.636,118.524,6.199,0.381,2,0.128,0
361.632,57.319,0.5,0.458,4,0.673,0
236.076,86.19,9.338,0.414,1,0.667,0
159.61,37.224,7.491,0.542,1,0.639,0
10.0,109.552,3.931,0.613,1,0.438,0
296.698,103.16,0.556,0.417,4,0.166,1
512.67,102.353,5.076,0.944,2,0.256,0
499.351,85.057,1.612,0.385,4,0.747,0
245.148,99.517,5.39,0.919,4,0.223,0
227.735,141.152,5.323,0.887,3,0.456,0
356.253,75.022,2.617,0.83,1,0.169,0
180.194,89.853,6.742,0.511,2,0.343,1
336.215,46.986,6.111,0.718,3,0.076,1
391.93,54.611,6.452,0.395,3,0.378,1
447.232,88.423,4.518,0.832,5,0.257,1
287.982,123.638,1.669,0.635,1,-0.112,1
275.559,76.03,6.456,0.568,2,0.596,0
194.642,76.743,3.959,0.405,2,0.583,0
200.774,70.759,1.72,0.154,2,0.417,1
272.823,66.284,7.204,0.442,1,0.063,1
344.084,95.324,8.699,0.873,2,0.067,1
409.63,32.596,4.418,0.569,4,1.0,0
203.619,129.833,8.818,0.616,4,-0.387,1
479.123,61.71,4.683,0.781,1,0.073,0
267.465,110.267,3.739,0.99,2,1.0,0
297.436,40.55,3.239,0.915,5,1.0,0
210.335,108.409,7.774,0.456,5,0.91,1
10.0,108.518,2.94,0.261,5,0.56,1
406.085,98.447,5.971,0.99,4,0.209,0
388.421,50.195,3.382,0.99,5,-0.105,1
266.241,93.734,3.579,0.688,2,0.522,0
308.039,43.593,6.56,0.396,2,0.171,1
361.913,76.153,3.74,0.843,5,0.835,0
112.494,121.029,3.69,0.628,3,-0.156,1
236.514,112.885,6.766,0.627,5,0.46,1
395.312,85.531,7.695,0.829,3,0.679,1
149.485,50.882,5.789,0.717,1,0.704,0
335.227,107.596,3.19,0.413,1,0.65,0
137.21,85.678,3.479,0.585,2,0.502,0
355.972,15.0,4.66,0.782,4,0.438,1
295.723,112.392,5.142,0.752,2,0.672,0
106.184,84.152,2.524,0.702,2,0.502,0
439.769,127.086,5.946,0.837,4,0.512,0
211.849,46.666,4.671,0.578,2,0.41,0
202.77,15.0,1.069,0.686,4,0.284,1
324.068,94.768,2.642,0.05,2,-0.005,1
437.836,95.205,3.492,0.56,1,0.047,0
178.101,25.826,4.354,0.803,3,0.285,0
307.402,50.753,8.279,0.572,2,0.364,1
351.458,181.433,4.976,0.557,3,0.11,0
383.173,74.304,2.818,0.442,5,0.087,1
321.173,110.584,4.941,0.851,2,0.291,0
255.957,62.227,3.796,0.76,1,0.671,0
200.689,15.0,5.15,0.815,4,-0.236,1
310.337,79.041,5.661,0.305,1,0.119,1
171.343,75.704,6.918,0.618,3,0.448,1
10.0,71.004,4.451,0.594,4,0.786,0
352.387,80.988,7.778,0.594,1,1.0,0
408.472,94.249,6.316,0.527,1,0.297,0
16.448,79.746,3.085,0.581,1,0.293,0
178.832,40.76,8.92,0.82,4,0.359,0
374.299,102.016,5.154,0.267,1,0.468,0
546.899,16.772,2.83,0.99,1,0.387,0
302.495,15.0,7.806,0.747,3,0.435,1
212.64,110.871,8.656,0.642,1,-0.001,1
278.052,102.746,4.434,0.831,1,-0.099,1
464.985,82.991,3.493,0.36,5,0.615,1
222.484,36.159,4.155,0.517,4,0.342,1
204.097,60.223,5.929,0.626,5,0.65,1
242.071,75.804,7.056,0.923,3,0.467,1
185.601,29.144,5.641,0.641,5,-0.03,1
314.72,59.134,4.703,0.74,2,0.866,0
494.961,107.832,7.496,0.532,4,0.409,0
338.77,134.956,3.874,0.747,1,0.176,0
269.718,70.32,6.562,0.985,5,0.24,1
264.983,111.477,3.924,0.849,5,0.037,1
112.417,18.008,5.362,0.634,1,0.5,0
405.973,108.081,4.273,0.785,1,0.367,0
290.66,56.862,4.388,0.766,3,1.0,0
278.342,95.757,3.745,0.751,5,0.556,1
683.173,76.329,7.19,0.872,5,0.987,1
335.85,131.214,3.034,0.871,2,0.112,0
209.785,54.395,3.02,0.625,2,0.301,0
248.837,106.966,8.742,0.778,5,0.667,1
437.813,75.217,6.456,0.573,2,0.577,0
313.592,79.459,0.5,0.465,5,0.395,0
127.407,78.565,3.369,0.596,4,0.077,1
410.307,55.401,0.876,0.635,3,-0.253,1
219.823,84.507,2.599,0.318,2,0.334,1
524.796,82.807,0.5,0.822,5,0.347,0
429.606,93.443,4.226,0.097,2,0.438,1
246.321,87.958,2.216,0.99,3,-0.034,0
453.722,112.93,4.62,0.95,4,0.136,1
308.143,117.323,1.25,0.598,1,0.518,0
402.333,48.228,4.666,0.652,1,0.576,0
358.168,115.407,3.67,0.711,2,0.46,0
198.437,43.478,7.504,0.532,5,0.296,1
222.774,105.575,7.323,0.689,3,0.044,1
423.595,106.691,6.071,0.621,4,0.686,0
259.827,18.104,3.847,0.631,4,0.618,1
251.562,88.254,8.471,0.686,4,0.228,1
185.385,68.603,1.394,0.387,1,0.65,0
350.832,58.443,1.693,0.658,3,0.379,0
547.503,132.28,4.332,0.683,1,0.195,0
171.896,62.121,9.008,0.676,2,0.678,0
302.906,56.777,4.095,0.607,4,0.43,1
469.466,87.649,4.134,0.878,3,0.272,0
290.443,108.996,1.616,0.579,4,0.015,1
354.285,80.042,6.392,0.695,1,0.043,1
172.513,125.823,6.406,0.909,1,0.654,0
351.397,103.584,6.078,0.634,1,0.536,0
277.543,15.0,3.242,0.693,4,0.049,1
418.288,66.469,3.087,0.631,3,0.043,1
442.486,65.336,1.914,0.897,3,1.0,0
610.748,101.778,4.668,0.598,2,0.539,0
369.556,15.0,2.339,0.907,4,0.763,0
339.096,174.215,2.145,0.629,2,0.848,0
323.326,103.586,3.653,0.478,2,0.122,0
257.62,90.211,3.522,0.786,2,0.923,0
340.618,126.355,3.424,0.589,2,0.077,1
264.552,167.028,5.433,0.774,1,0.619,0
320.215,115.476,4.658,0.104,2,0.365,1
458.112,118.208,3.924,0.651,3,0.617,0
179.215,89.574,4.866,0.558,2,0.337,0
436.785,80.047,2.517,0.437,1,0.565,0
458.054,68.347,4.711,0.539,5,0.809,1
285.832,56.086,4.801,0.535,5,0.736,1
45.377,60.955,1.494,0.64,5,0.381,1
227.061,37.731,6.491,0.377,4,0.114,1
455.639,82.344,2.737,0.713,3,0.311,0
297.256,26.037,4.681,0.923,1,0.533,0
180.084,91.682,6.829,0.706,5,0.596,1
239.427,83.728,6.351,0.812,1,0.721,0
400.874,90.143,4.569,0.869,1,0.181,0
365.608,66.725,3.775,0.897,4,0.12,0
271.328,192.69,6.395,0.99,5,0.094,1
255.981,132.604,5.849,0.55,2,0.341,0
252.989,41.441,3.263,0.506,1,0.464,0
189.311,93.15,2.91,0.807,5,0.511,0
493.845,63.72,0.5,0.792,1,-0.024,0
261.322,49.493,4.808,0.805,4,0.114,1
446.059,38.097,4.335,0.99,4,0.189,0
482.558,100.128,6.772,0.652,2,0.927,0
419.797,61.152,5.218,0.735,4,0.286,1
248.206,118.874,7.168,0.454,5,-0.043,1
348.448,119.782,3.105,0.99,4,0.514,0
297.097,133.087,6.776,0.583,2,0.367,0
191.556,55.166,3.442,0.588,3,0.048,1
338.923,101.638,6.055,0.581,1,0.258,0
158.515,107.136,1.582,0.521,1,0.298,0
442.522,68.404,4.97,0.504,5,0.363,1
244.246,57.988,0.531,0.545,2,0.679,0
324.139,141.333,3.966,0.377,2,0.568,0
333.995,92.962,5.381,0.493,2,0.438,0
268.931,107.259,3.458,0.99,1,0.696,0
370.403,56.227,2.399,0.797,4,0.277,0
243.012,42.325,6.192,0.835,1,0.182,0
404.556,65.069,4.293,0.885,1,0.493,0
138.482,80.659,3.521,0.99,1,0.469,0
315.166,47.752,4.584,0.296,4,-0.043,1
532.671,84.655,9.773,0.404,3,0.848,1
179.96,25.902,6.807,0.489,5,0.094,1
218.671,45.798,6.825,0.556,3,0.559,0
361.669,108.482,5.371,0.59,3,0.566,1
321.55,106.133,4.833,0.561,1,-0.526,0
342.076,71.284,0.5,0.694,3,0.468,0
358.702,49.378,3.142,0.657,1,0.891,0
376.167,49.041,3.539,0.505,1,0.187,1
433.164,71.936,0.75,0.215,5,-0.169,1
349.178,107.558,2.185,0.451,2,0.365,0
271.049,117.489,0.538,0.54,1,0.54,0
380.709,67.621,4.423,0.601,3,0.374,1
527.986,44.628,6.138,0.424,5,0.115,1
284.084,94.375,6.714,0.552,3,0.091,1
183.056,56.176,5.33,0.424,2,-0.087,1
432.85,66.861,2.573,0.625,4,-0.162,1
285.554,131.385,0.636,0.435,2,0.297,0
39.28,113.949,0.986,0.48,5,0.527,0
401.691,90.529,1.962,0.388,2,0.448,0
235.761,40.483,2.722,0.619,2,0.475,0
289.136,92.399,4.181,0.477,5,0.59,1
339.838,122.193,2.472,0.831,5,0.792,0
322.86,71.853,5.178,0.731,3,0.408,1
385.134,132.289,4.035,0.636,1,0.503,0
247.742,130.246,4.521,0.491,4,0.505,1
361.573,143.231,6.781,0.726,4,0.444,1
268.854,95.684,2.14,0.788,4,0.406,0
388.657,105.559,5.337,0.679,2,0.43,0
373.844,134.497,4.472,0.971,5,0.868,0
187.747,100.659,3.833,0.742,5,0.83,0
430.318,67.457,6.271,0.833,5,-0.112,1
235.684,69.301,6.258,0.677,1,0.466,0
396.967,93.349,2.607,0.785,5,0.402,1
344.074,39.83,4.136,0.491,5,0.778,1
520.582,79.986,5.062,0.558,2,0.389,0
273.184,123.379,3.954,0.72,3,0.475,0
258.082,15.0,5.67,0.718,4,0.205,1
297.67,138.707,5.062,0.752,2,0.644,0
263.618,124.283,8.165,0.87,2,0.027,0
395.993,68.908,1.439,0.365,2,0.308,1
106.043,104.019,4.255,0.455,4,0.084,1
173.558,85.11,2.683,0.696,2,0.31,0
171.864,128.05,5.708,0.505,3,0.235,1
414.037,119.394,1.266,0.99,5,0.651,0
505.274,35.998,5.193,0.753,3,0.334,1
287.466,105.554,3.24,0.634,5,0.848,1
279.741,77.803,3.032,0.547,5,0.328,1
308.406,87.899,1.607,0.554,2,0.075,0
439.425,59.514,3.57,0.656,2,0.327,0
188.718,146.185,6.669,0.672,4,0.543,0
328.604,121.402,4.45,0.559,1,0.906,0
417.024,59.108,5.755,0.595,3,0.207,1
360.131,38.289,7.829,0.919,4,0.898,0
322.75,71.501,5.028,0.927,4,0.343,0
420.126,100.208,3.382,0.7,3,0.266,0
10.0,93.407,5.435,0.382,3,0.633,0
381.345,128.86,3.411,0.758,5,0.827,1
221.511,112.647,3.491,0.961,1,0.567,0
80.324,118.935,1.46,0.924,2,-0.024,0
361.344,96.44,6.353,0.797,1,0.5,0
464.839,36.375,3.728,0.934,1,1.0,0
283.506,78.151,4.864,0.661,2,-0.283,1
414.345,122.103,2.428,0.776,1,0.512,0
493.473,83.197,5.372,0.514,4,0.315,1
457.79,102.608,2.976,0.708,4,0.119,1
496.796,73.844,4.217,0.916,2,0.71,0
389.055,48.957,6.256,0.532,2,-0.121,1
309.052,80.683,6.082,0.478,3,0.295,1
107.764,95.817,4.456,0.669,3,0.7,0
270.473,62.051,0.964,0.605,1,0.666,0
198.81,76.75,10.486,0.78,1,0.579,0
560.513,52.119,7.992,0.559,2,0.452,1
278.894,124.174,5.945,0.99,1,0.363,0
314.785,74.694,2.994,0.392,5,0.259,1
366.178,135.846,4.273,0.901,4,0.109,1
305.232,138.506,3.413,0.497,1,0.644,0
503.406,82.163,7.028,0.291,1,0.463,1
225.282,49.704,5.025,0.698,3,0.653,0
323.353,15.0,2.932,0.599,5,0.166,1
210.904,33.479,3.558,0.428,1,0.159,1
141.597,36.916,6.742,0.314,4,0.549,1
226.588,133.246,7.7,0.648,1,-0.283,1
295.556,89.054,7.557,0.845,2,-0.359,1
248.484,98.636,6.014,0.767,5,0.704,1
216.909,15.0,3.995,0.661,1,0.188,0
131.242,43.071,0.5,0.746,5,0.458,0
290.027,116.048,5.094,0.645,1,0.514,0
119.434,95.037,4.496,0.364,4,0.711,1
391.207,79.848,4.78,0.366,4,0.268,1
309.893,104.769,4.608,0.609,5,0.284,1
125.094,142.253,1.847,0.618,3,0.215,1
262.895,77.264,5.615,0.82,3,0.586,1
209.741,87.428,5.764,0.801,2,0.6,0
338.301,91.741,5.865,0.771,3,0.783,0
460.854,168.724,6.393,0.594,5,0.026,1
74.979,15.0,5.708,0.374,3,1.0,0
313.803,108.913,3.68,0.732,2,0.306,1
280.784,80.982,4.358,0.755,1,0.385,0
380.561,104.837,4.682,0.172,3,0.449,1
325.584,61.992,4.715,0.483,5,0.127,1
209.764,83.286,6.496,0.512,5,0.277,1
261.714,109.899,5.787,0.674,2,0.838,0
204.477,193.952,8.655,0.489,2,0.843,0
429.121,113.281,8.913,0.642,4,0.462,1
302.557,55.318,4.659,0.608,4,0.713,1
528.143,70.168,0.5,0.618,4,0.523,0
292.721,69.131,6.974,0.507,1,0.383,0
214.991,22.152,3.419,0.522,5,0.174,1
118.354,73.447,2.897,0.434,4,0.142,1
83.623,110.649,3.703,0.726,5,0.173,0
109.904,40.402,3.607,0.764,2,0.884,0
332.055,121.697,5.725,0.496,1,0.662,0
361.047,102.072,1.381,0.954,2,0.832,0
110.257,59.302,2.345,0.587,5,0.52,0
407.405,80.046,5.186,0.956,4,0.136,1
242.033,140.941,5.746,0.522,2,0.581,0
317.615,110.674,5.783,0.245,3,0.781,1
493.466,85.307,2.926,0.73,1,0.592,0
407.621,76.681,2.543,0.7,5,0.005,1
267.776,87.681,3.487,0.657,4,-0.042,0
193.057,67.088,4.98,0.522,2,0.591,0
41.782,15.0,7.471,0.643,1,0.306,1
213.702,156.476,0.5,0.548,4,0.494,0
274.664,90.436,4.059,0.59,2,0.183,1
181.538,98.935,1.835,0.818,5,0.438,1
284.249,82.973,1.196,0.687,3,0.07,1
309.222,59.271,6.434,0.772,3,0.474,0
273.017,78.493,5.589,0.604,5,0.619,1
222.0,29.021,5.399,0.582,1,0.635,1
320.239,164.698,6.342,0.419,5,0.008,1
353.033,41.792,3.541,0.576,2,0.541,0
169.152,48.881,3.635,0.05,1,0.224,1
469.312,69.591,8.871,0.532,3,0.858,1
288.169,130.083,4.007,0.634,2,0.687,0
302.262,85.508,5.97,0.763,4,0.408,0
384.986,41.735,4.513,0.596,4,1.0,0
327.986,128.902,0.803,0.72,4,0.182,0
414.376,110.585,0.5,0.214,3,0.383,0
334.455,103.845,3.342,0.639,5,0.562,1
226.508,110.051,6.612,0.314,1,1.0,0
343.38,168.803,6.077,0.408,3,0.839,0
162.753,161.478,6.328,0.613,2,0.641,0
313.027,60.965,2.526,0.905,2,0.137,0
296.012,141.836,7.732,0.724,4,0.136,1
275.026,98.411,2.57,0.654,1,0.609,0
284.575,102.468,4.926,0.646,4,0.024,1
74.178,25.771,4.479,0.507,2,0.496,0
234.153,79.036,4.152,0.541,2,0.641,0
311.141,56.551,7.177,0.735,5,-0.043,1
319.183,113.982,3.09,0.373,5,0.594,1
176.679,122.488,1.801,0.769,5,0.669,0
451.885,15.0,4.54,0.572,4,0.291,1
196.059,84.229,3.7,0.815,1,0.353,0
416.335,124.265,11.255,0.842,5,-0.136,1
351.263,78.466,5.853,0.315,3,0.367,1
222.453,110.517,3.681,0.534,5,-0.058,1
513.037,97.291,2.388,0.479,4,0.193,1
156.764,96.958,0.739,0.287,1,0.279,0
410.299,75.504,2.45,0.443,5,0.053,1
420.07,42.42,4.73,0.99,1,0.026,0
219.526,45.746,7.355,0.772,3,0.041,1
467.096,109.827,6.743,0.99,2,0.766,0
269.994,85.681,4.958,0.816,1,0.379,0
334.643,80.152,3.854,0.502,5,0.78,1
331.239,70.164,5.038,0.574,4,0.279,1
283.883,74.318,3.463,0.768,4,0.285,0
397.297,121.642,7.937,0.738,4,0.273,1
395.219,73.266,4.122,0.535,4,-0.495,1
90.176,38.063,4.327,0.348,1,0.552,0
456.521,111.028,0.5,0.99,4,0.368,0
100.501,77.829,4.109,0.622,2,0.415,0
423.906,86.099,6.173,0.585,3,-0.227,1
435.205,141.265,2.365,0.673,1,0.391,0
169.084,84.28,2.999,0.601,1,0.268,0
250.702,95.121,6.085,0.675,4,0.438,1
167.315,43.738,1.547,0.907,4,0.377,0
274.209,77.312,6.616,0.625,1,0.254,0
263.036,106.333,3.436,0.417,4,0.569,1
393.559,30.562,3.723,0.618,4,0.707,1
457.237,92.03,2.252,0.557,4,0.278,1
467.482,88.528,5.256,0.935,4,-0.035,1
232.54,86.445,9.42,0.884,4,-0.015,1
274.893,121.301,6.063,0.672,5,0.527,0
97.987,96.705,2.771,0.394,5,0.789,0
203.296,136.733,6.771,0.405,5,-0.144,1
415.782,50.224,3.867,0.653,1,0.095,0
493.87,89.757,7.249,0.717,3,0.3,1
151.878,87.956,6.113,0.575,1,-0.212,1
228.904,47.576,0.5,0.554,5,0.371,1
296.831,118.47,2.492,0.531,1,0.509,0
333.619,166.364,6.389,0.645,3,0.544,0
202.848,84.405,4.803,0.173,4,0.28,1
350.887,102.676,2.452,0.43,2,0.293,0
243.139,87.958,3.233,0.525,5,0.094,1
298.266,60.025,0.688,0.892,5,-0.131,1
365.554,21.273,4.323,0.487,3,0.344,1
300.771,60.298,8.921,0.686,4,0.523,1
247.634,36.281,6.11,0.695,4,0.405,1
286.847,144.644,8.881,0.91,2,0.733,0
289.396,80.971,6.265,0.903,4,0.504,0
255.599,72.893,6.555,0.638,3,0.598,0
268.944,116.12,8.448,0.555,4,0.45,1
491.838,45.739,5.255,0.517,3,0.958,0
367.31,58.16,4.126,0.602,5,0.253,1
264.542,87.383,6.565,0.563,5,0.604,1
383.635,121.007,7.408,0.761,5,0.474,1
259.942,102.559,3.54,0.734,1,0.621,0
440.775,93.691,3.057,0.768,5,0.5,1
344.357,87.734,4.778,0.902,3,0.387,0
287.124,99.008,6.163,0.99,2,0.513,0
353.726,92.058,6.096,0.675,4,0.551,1
111.495,48.951,1.652,0.87,5,0.59,1
164.788,86.613,8.323,0.58,1,0.839,0
156.729,47.421,3.218,0.887,1,0.458,0
317.153,87.838,3.97,0.862,3,0.071,0
507.902,68.177,2.695,0.852,2,0.449,0
567.756,173.878,9.897,0.669,5,0.267,1
376.566,83.604,4.984,0.516,5,0.258,1
360.101,35.852,2.798,0.371,1,0.304,1
83.873,80.304,6.228,0.642,3,0.129,1
234.879,103.178,6.038,0.957,1,-0.32,0
205.466,143.568,4.125,0.588,1,0.843,0
225.498,64.369,6.181,0.807,2,0.253,1
279.823,29.615,2.849,0.819,3,-0.114,1
243.349,113.589,3.514,0.593,2,0.454,0
62.484,36.679,0.5,0.913,3,0.585,0
389.749,69.735,1.852,0.068,5,0.347,1
171.271,75.983,8.115,0.405,4,0.013,1
328.71,82.563,7.783,0.467,4,-0.025,1
548.89,109.121,4.632,0.486,3,1.0,0
189.674,61.073,7.826,0.717,4,-0.023,1
10.0,75.419,4.18,0.708,1,-0.089,1
265.679,84.501,4.013,0.729,5,0.307,1
432.115,90.236,4.613,0.769,5,0.647,0
535.002,88.424,4.25,0.46,4,0.898,1
152.454,100.26,4.07,0.406,3,0.336,0
359.604,114.534,6.787,0.729,1,0.332,0
244.163,98.742,4.8,0.524,3,0.015,1
287.286,100.875,5.925,0.336,4,0.726,1
617.321,29.622,6.563,0.844,5,0.379,1
119.644,86.758,5.276,0.929,5,0.389,0
330.449,101.783,2.559,0.961,3,0.53,0
356.123,110.513,1.794,0.687,2,0.491,0
430.294,60.768,4.798,0.775,3,0.358,0
311.758,61.934,4.157,0.924,2,0.796,0
336.966,64.906,4.675,0.522,3,-0.081,1
253.002,103.774,4.468,0.872,2,0.463,0
332.295,121.186,9.667,0.705,2,0.522,1
258.817,70.739,1.84,0.833,2,0.276,0
374.589,116.779,0.52,0.687,2,0.585,0
255.647,89.322,5.165,0.909,1,0.599,0
345.252,80.65,3.747,0.695,2,0.733,0
296.488,77.602,5.132,0.353,2,0.367,1
435.126,111.131,5.668,0.94,5,0.335,1
293.833,96.395,7.068,0.46,1,0.562,0
87.236,164.654,1.486,0.901,2,0.341,0
451.431,55.172,3.387,0.632,4,-0.056,1
191.312,103.134,5.358,0.885,1,0.659,0
221.548,66.478,6.041,0.877,5,-0.15,1
228.521,54.575,8.887,0.736,3,0.521,1
464.933,84.62,6.411,0.752,5,1.0,0
43.719,89.807,4.386,0.735,5,0.56,1
676.53,187.136,2.719,0.247,1,0.192,1
426.727,78.555,3.371,0.674,1,0.265,0
326.789,45.444,3.315,0.427,4,0.511,1
293.413,94.555,5.81,0.684,4,0.394,0
334.266,15.0,5.014,0.421,1,0.627,0
362.535,81.782,1.853,0.413,1,0.835,0
377.426,85.561,3.628,0.971,1,0.794,0
366.673,112.811,6.255,0.864,3,0.053,1
310.75,119.077,5.203,0.649,5,0.405,1
276.319,67.375,5.637,0.687,4,0.548,0
281.847,79.729,5.266,0.6,4,0.855,0
276.611,58.186,7.753,0.764,2,0.508,0
436.052,45.518,4.972,0.515,3,0.195,1
371.227,95.846,3.728,0.849,1,0.531,0
10.0,40.425,2.668,0.599,1,0.946,0
378.708,70.488,4.999,0.566,3,0.324,1
323.368,50.169,0.5,0.654,4,0.19,1
297.755,104.239,4.131,0.532,1,0.39,0
253.378,148.05,4.088,0.716,2,0.205,0
434.894,39.444,1.771,0.543,4,0.648,1
413.703,20.144,2.643,0.744,5,0.207,1
207.255,80.629,6.119,0.893,3,0.788,0
348.846,85.549,4.961,0.506,4,0.549,1
183.401,92.653,4.704,0.624,5,0.609,1
134.446,69.379,5.113,0.742,2,0.607,0
224.794,77.978,4.685,0.563,3,0.656,1
403.487,97.863,6.986,0.743,1,0.307,1
414.375,121.415,4.747,0.761,1,0.107,0
361.57,16.573,1.584,0.867,5,0.257,1
387.011,72.087,7.76,0.529,4,0.678,1
361.941,92.483,5.241,0.461,2,-0.13,1
223.022,52.871,3.321,0.588,5,-0.2,1
351.831,145.591,1.993,0.456,2,0.467,0
396.049,62.761,5.292,0.763,2,0.653,0
390.515,83.555,4.266,0.418,2,0.694,0
442.67,104.461,7.648,0.99,3,0.115,1
384.996,64.305,3.808,0.909,5,0.046,1
342.174,20.37,2.825,0.653,3,0.194,1
428.418,69.997,6.292,0.823,4,0.282,1
296.817,121.03,6.351,0.323,4,0.299,1
194.175,73.209,4.837,0.99,1,0.436,0
280.432,55.375,5.853,0.532,1,0.822,0
210.612,117.399,4.425,0.626,1,0.382,0
218.979,73.423,4.968,0.279,4,0.681,1
282.658,67.144,6.83,0.747,2,0.596,0
204.91,90.231,5.751,0.429,2,0.187,1
263.045,111.976,4.161,0.67,5,0.593,1
72.766,168.36,7.205,0.541,4,0.572,1
325.595,113.953,0.5,0.434,1,0.4,0
300.145,125.594,8.604,0.489,4,0.452,1
201.949,67.291,1.088,0.695,2,0.383,0
379.109,49.095,3.246,0.394,2,0.072,1
412.508,87.182,4.418,0.5,3,1.0,1
107.093,88.751,4.207,0.783,3,0.717,0
208.473,47.252,6.513,0.99,5,0.558,1
207.703,78.865,2.384,0.746,4,0.278,1
187.212,98.976,5.022,0.467,3,0.372,1
399.537,97.614,3.344,0.577,3,0.049,1
276.741,102.65,5.09,0.656,4,0.541,1
268.258,95.184,4.37,0.58,2,0.501,0
59.537,67.255,4.686,0.831,5,0.338,1
376.25,67.013,3.4,0.693,5,0.409,1
151.289,43.037,3.48,0.832,5,0.31,1
307.192,147.467,5.075,0.587,3,0.252,0
333.285,85.471,6.387,0.915,2,0.167,1
463.279,77.13,3.303,0.617,5,0.094,1
142.942,52.492,2.762,0.456,4,0.189,1
10.0,187.748,5.727,0.99,5,0.212,1
322.062,47.434,4.435,0.285,1,0.727,1
516.061,69.99,6.161,0.502,2,0.214,1
448.674,99.554,2.688,0.525,1,-0.21,1
325.159,106.007,0.941,0.99,2,0.488,0
241.004,118.528,3.434,0.99,4,0.587,0
396.855,148.266,2.967,0.949,3,0.691,0
183.174,102.716,4.342,0.584,3,0.45,0
357.163,48.039,3.226,0.99,2,0.058,0
360.656,76.007,5.982,0.724,5,0.16,1
427.225,95.774,3.924,0.845,1,0.58,0
631.159,157.388,4.801,0.686,4,0.838,0
347.09,36.077,4.815,0.64,5,0.057,1
238.924,127.09,4.89,0.6,3,0.464,0
296.931,91.297,4.452,0.608,5,0.234,1
87.711,114.324,5.521,0.772,1,0.153,0
216.634,81.43,2.909,0.723,3,0.41,0
250.886,55.515,7.299,0.644,2,0.36,1
237.109,111.281,4.027,0.952,4,-0.207,1
318.283,107.905,1.877,0.057,4,0.46,1
201.31,119.022,4.876,0.752,3,0.498,0
434.524,84.534,2.798,0.794,2,0.624,0
300.025,64.006,5.831,0.879,1,0.228,1
298.884,30.442,8.919,0.637,4,-0.076,1
260.653,113.678,2.927,0.692,3,0.274,1
318.623,99.836,5.165,0.847,4,0.612,0
399.012,51.198,0.989,0.948,2,0.377,0
195.944,66.15,5.408,0.59,1,0.655,0
221.026,68.663,2.729,0.703,2,0.01,1
263.553,33.096,3.25,0.986,5,0.644,1
138.495,56.381,2.297,0.225,2,0.475,0
201.689,45.316,5.964,0.512,2,0.294,1
242.853,70.563,6.515,0.943,4,0.721,0
404.927,59.146,4.547,0.869,2,0.472,0
331.507,28.055,2.771,0.754,3,0.105,1
323.231,155.791,7.679,0.56,4,0.695,1
402.108,128.839,2.999,0.474,4,0.327,1
283.515,57.734,0.5,0.532,5,0.411,1
346.856,94.535,5.417,0.96,3,0.141,0
287.613,99.611,2.29,0.524,2,0.384,0
331.843,126.688,6.477,0.67,5,0.116,1
230.069,56.349,3.738,0.499,3,0.348,1
10.0,123.224,5.707,0.819,5,0.409,1
283.887,65.823,7.303,0.542,1,0.582,1
470.73,38.245,2.082,0.63,2,-0.022,1
411.146,110.345,3.368,0.313,5,0.701,1
415.848,130.177,4.349,0.327,1,0.71,0
448.336,175.577,7.575,0.652,2,0.343,1
310.639,43.01,3.183,0.385,5,0.439,1
323.678,109.462,3.311,0.99,5,0.492,0
225.882,70.657,5.456,0.238,5,0.425,1
262.071,112.418,3.346,0.49,5,0.581,1
373.893,33.533,4.805,0.653,4,0.284,1
444.466,40.803,1.397,0.577,5,0.172,1
283.266,57.844,8.929,0.429,4,0.528,1
245.977,87.764,1.805,0.458,4,-0.058,1
300.063,62.562,3.856,0.452,1,0.586,0
372.145,108.067,4.435,0.593,2,0.617,0
126.737,120.941,8.325,0.99,4,0.165,1
24.458,105.985,1.85,0.666,3,0.827,0
233.936,141.658,8.467,0.887,4,0.295,1
153.515,99.554,6.014,0.751,3,0.269,0
239.023,42.409,5.334,0.873,1,0.204,1
282.266,132.718,2.531,0.09,3,0.534,1
245.61,63.82,5.642,0.589,1,0.283,0
474.296,116.865,3.053,0.911,1,-0.031,0
339.209,140.081,7.033,0.536,1,0.502,0
336.057,100.984,2.558,0.99,3,0.313,0
374.665,32.634,4.274,0.947,3,0.726,0
163.34,52.863,3.389,0.556,1,0.493,0
424.693,131.296,2.525,0.549,1,0.48,0
290.908,79.081,5.983,0.447,2,0.704,1
380.458,87.785,5.571,0.524,1,0.448,0
171.377,111.559,6.918,0.403,5,0.635,1
113.549,109.371,0.94,0.736,2,0.205,0
398.147,94.758,6.628,0.359,2,0.894,0
345.169,77.697,9.511,0.771,2,0.483,1
191.754,74.057,3.597,0.776,5,0.039,1
195.64,115.026,8.29,0.318,2,0.441,1
435.052,104.375,3.974,0.96,2,0.456,0
157.271,75.994,1.755,0.753,3,0.437,0
497.121,122.874,3.889,0.8,3,-0.29,1
191.926,80.484,6.596,0.498,1,0.236,1
376.607,55.192,2.824,0.774,1,-0.015,0
260.566,58.436,3.299,0.875,4,-0.011,1
372.382,50.744,5.687,0.63,5,0.45,1
234.706,75.466,4.506,0.99,3,0.232,0
280.465,128.18,5.669,0.659,1,0.291,1
304.91,56.822,4.976,0.878,5,0.132,1
179.738,91.597,5.459,0.709,2,0.814,0
388.899,62.016,3.635,0.767,5,0.412,1
238.414,75.889,4.963,0.316,3,-0.057,1
272.568,32.149,2.645,0.724,4,0.593,1
180.678,77.281,7.077,0.503,3,0.297,1
10.0,78.22,3.231,0.481,1,0.758,0
277.077,103.91,6.758,0.99,1,0.398,0
589.514,92.815,4.033,0.607,5,0.191,1
394.153,43.056,4.904,0.449,3,0.237,1
297.689,122.947,3.51,0.578,1,0.279,0
268.453,92.361,2.468,0.39,2,0.547,0
302.696,91.944,1.01,0.937,2,0.164,0
365.654,84.679,2.389,0.511,4,0.773,0
158.302,66.878,3.852,0.756,5,0.511,1
433.719,92.623,4.924,0.921,1,0.467,0
385.846,101.646,6.521,0.55,4,0.422,1
386.182,23.859,3.608,0.756,2,0.394,1
352.617,66.143,2.736,0.444,4,0.019,1
302.354,76.077,1.615,0.99,4,0.488,0
380.743,93.966,5.46,0.837,1,0.978,0
371.018,126.766,7.266,0.611,1,0.608,0
257.515,57.989,7.033,0.495,1,0.532,0
231.168,67.571,5.92,0.627,5,-0.06,1
312.223,67.061,5.777,0.582,4,0.726,0
485.882,56.947,7.895,0.99,4,0.641,0
151.307,72.848,5.164,0.405,5,0.75,1
123.897,111.978,5.792,0.677,2,0.129,1
319.771,48.116,3.858,0.646,3,0.28,1
306.107,99.974,1.776,0.627,2,-0.046,0
320.801,25.433,3.132,0.628,5,-0.071,1
329.274,65.353,4.482,0.627,4,0.227,1
273.216,73.468,4.622,0.825,4,0.54,0
478.784,143.62,8.353,0.772,1,0.275,0
107.892,75.382,4.663,0.734,1,0.199,0
200.58,15.0,6.858,0.05,4,0.502,1
287.609,15.039,3.63,0.71,4,-0.573,1
102.817,86.191,3.877,0.319,1,0.237,0
278.897,106.482,1.842,0.779,1,0.501,0
499.376,98.141,3.015,0.945,2,0.279,0
302.506,90.865,5.554,0.465,4,0.79,1
327.684,125.679,4.515,0.598,4,0.202,1
148.78,66.114,6.386,0.53,5,0.222,1
226.037,116.322,4.863,0.897,2,0.104,0
254.976,27.879,3.795,0.669,3,0.173,1
261.874,53.327,8.797,0.99,3,0.483,0
453.797,21.754,4.312,0.733,3,0.642,0
366.923,75.38,6.826,0.698,1,1.0,0
166.625,83.381,3.698,0.664,3,0.573,0
329.581,88.994,5.919,0.814,5,0.047,1
359.787,87.166,6.356,0.302,1,0.772,1
436.818,52.536,4.917,0.667,1,0.546,0
489.665,78.342,0.5,0.636,3,0.409,0
178.189,32.589,4.537,0.795,1,0.72,0
202.697,132.713,6.961,0.612,2,1.0,0
149.091,74.373,5.555,0.442,2,0.343,1
271.918,67.889,5.392,0.651,3,0.15,1
355.963,140.613,1.055,0.433,5,0.798,0
418.48,41.521,3.059,0.265,1,1.0,0
290.886,45.604,5.323,0.795,4,0.443,1
261.618,46.632,5.321,0.766,3,0.409,1
318.211,82.625,6.929,0.743,1,0.452,0
199.783,100.107,4.21,0.911,3,0.535,0
550.745,110.889,5.312,0.517,3,-0.023,1
107.081,175.02,4.533,0.364,5,0.492,1
322.169,15.0,2.526,0.636,4,0.482,1
542.833,106.306,0.5,0.58,1,0.465,0
300.816,65.5,5.362,0.482,3,0.45,1
277.195,64.475,4.848,0.634,3,0.429,1
257.107,63.308,3.264,0.528,1,-0.23,1
278.353,53.193,1.262,0.283,3,0.184,1
464.742,143.958,5.759,0.562,3,0.657,1
34.577,114.48,3.968,0.423,3,0.727,0
484.012,85.812,5.614,0.696,2,0.273,1
129.125,132.286,8.228,0.519,2,0.113,1
268.002,32.061,0.5,0.872,4,0.615,0
248.491,38.425,3.101,0.971,5,0.482,0
370.626,15.0,4.081,0.786,1,0.363,0
108.225,60.52,7.41,0.34,5,0.659,1
355.461,90.659,1.227,0.951,5,0.046,1
542.917,88.6,8.372,0.965,2,0.748,0
136.419,90.227,4.772,0.654,4,-0.051,1
322.765,35.613,4.308,0.915,5,0.152,1
220.562,113.11,4.104,0.54,5,0.088,1
351.106,93.387,3.627,0.277,3,0.225,1
302.298,110.657,6.596,0.498,1,0.492,0
223.022,18.753,2.363,0.99,4,0.604,0
358.545,95.902,5.191,0.352,1,0.376,0
516.522,43.428,3.732,0.65,2,0.017,1
277.092,71.094,2.976,0.657,5,-0.2,1
386.371,103.703,9.672,0.547,5,0.654,1
144.807,88.188,5.338,0.561,1,0.617,0
185.228,55.196,5.727,0.664,2,0.721,0
356.689,85.22,6.776,0.538,3,0.36,1
478.094,31.396,1.657,0.366,3,0.6,0
342.674,125.259,8.005,0.693,5,0.208,1
262.433,77.815,0.5,0.865,5,0.544,0
299.915,124.149,2.962,0.824,4,0.256,0
149.951,66.571,3.582,0.488,1,0.156,0
372.542,66.675,5.663,0.4,5,0.47,1
405.88,58.253,4.937,0.593,2,0.454,1
245.749,115.666,4.166,0.964,1,0.673,0
243.595,60.17,4.476,0.779,4,0.015,1
331.905,107.561,2.544,0.791,3,0.678,0
247.594,71.614,1.506,0.828,4,0.439,0
292.064,15.841,5.953,0.734,1,0.72,0
551.967,65.039,5.887,0.674,3,0.717,1
270.357,43.731,7.669,0.782,2,-0.33,1
256.999,86.187,2.92,0.541,3,0.715,0
222.295,43.336,5.886,0.367,3,0.728,1
389.303,117.409,3.933,0.795,2,0.023,1
278.253,81.812,6.881,0.898,5,-0.069,1
222.075,78.784,6.544,0.426,5,0.632,1
458.556,107.956,4.922,0.814,3,0.434,0
470.352,118.737,3.821,0.986,3,0.207,0
227.949,84.297,6.422,0.65,4,0.832,0
76.015,58.008,5.794,0.486,5,0.491,1
420.902,22.911,3.131,0.675,2,-0.226,1
217.844,60.988,1.844,0.54,3,0.095,1
394.875,63.398,3.923,0.527,3,0.713,1
63.588,88.747,7.531,0.737,4,0.411,1
407.112,72.92,6.793,0.329,4,0.184,1
154.659,109.078,2.275,0.361,4,0.536,0
387.692,63.546,2.164,0.654,1,0.218,1
301.713,83.004,7.049,0.646,2,0.026,1
185.527,126.44,2.229,0.719,1,0.705,0
251.156,96.964,5.519,0.99,3,0.75,0
382.358,82.899,3.268,0.671,4,0.544,1
312.707,63.932,7.734,0.77,4,-0.06,1
370.13,62.837,2.959,0.455,4,0.955,1
537.173,55.229,6.787,0.804,5,0.945,0
112.291,66.065,4.87,0.545,2,0.782,0
494.066,111.448,5.004,0.664,1,0.491,0
312.523,77.234,0.559,0.628,2,0.427,0
192.146,37.758,0.5,0.857,4,0.531,0
140.362,146.886,4.059,0.388,3,0.058,1
277.306,96.199,4.994,0.193,5,0.237,1
410.598,35.757,2.25,0.607,2,0.224,1
284.694,69.535,2.323,0.744,3,0.582,0
481.339,88.881,5.623,0.68,4,0.474,1
125.859,144.661,5.626,0.896,4,0.113,1
298.549,46.216,4.225,0.737,4,-0.078,1
149.713,119.161,6.06,0.537,4,0.507,1
343.636,133.982,2.152,0.185,5,0.081,1
406.426,62.997,3.788,0.603,5,0.023,1
249.509,75.287,7.796,0.856,2,1.0,0
10.0,48.729,4.637,0.572,4,1.0,0
323.874,77.879,4.753,0.656,5,0.265,1
352.409,83.719,9.112,0.734,3,-0.147,1
348.515,108.088,1.701,0.447,5,0.763,1
448.294,123.156,6.093,0.775,5,0.501,1
171.474,58.817,7.828,0.977,2,0.631,1
381.626,16.144,3.85,0.615,5,0.21,1
443.101,84.256,6.219,0.424,3,0.089,1
86.569,95.274,2.536,0.637,4,0.328,1
338.358,93.73,3.127,0.205,1,0.452,0
239.498,73.566,5.27,0.717,2,0.181,1
290.217,89.366,6.097,0.74,3,0.789,0
341.721,138.041,6.742,0.985,2,-0.121,1
241.533,98.361,7.639,0.611,4,0.523,1
218.915,71.932,4.365,0.732,5,0.438,1
304.098,67.493,6.887,0.478,5,0.766,1
169.53,79.055,3.815,0.579,3,0.112,1
169.701,142.286,6.304,0.345,4,0.612,1
381.525,78.584,4.915,0.611,1,0.543,0
162.145,84.307,5.391,0.589,1,0.473,0
379.958,68.119,5.347,0.71,5,0.134,1
355.511,123.464,1.291,0.525,4,0.168,0
92.903,153.594,2.252,0.667,4,0.311,0
218.692,100.771,4.705,0.583,3,0.249,1
443.293,87.897,1.125,0.584,1,0.778,0
182.26,86.287,6.162,0.666,3,0.441,1
244.271,15.0,6.243,0.658,2,0.638,0
355.447,111.08,5.154,0.802,4,-0.035,1
394.007,89.696,2.258,0.626,1,-0.153,0
269.815,99.992,7.26,0.58,3,0.347,1
228.299,60.099,8.574,0.614,5,0.017,1
470.684,71.544,4.794,0.507,2,0.412,0
508.668,70.614,5.521,0.578,3,0.147,1
417.463,120.757,4.903,0.99,5,0.492,0
310.238,71.743,5.561,0.467,1,0.165,0
203.008,157.893,4.261,0.594,1,0.568,0
200.347,100.08,4.431,0.573,2,0.136,1
362.702,40.351,6.311,0.601,5,-0.159,1
350.208,80.501,9.191,0.584,4,0.656,1
468.192,62.191,1.7,0.706,1,0.169,0
378.054,15.0,4.292,0.308,4,0.812,0
119.63,140.981,2.139,0.857,4,0.208,0
426.234,109.61,7.684,0.777,3,0.153,1
180.233,103.662,3.325,0.401,3,0.315,1
253.923,90.789,1.614,0.196,1,0.232,1
330.024,36.629,5.776,0.455,4,0.438,1
539.48,68.073,7.989,0.601,3,0.521,1
673.19,114.462,5.827,0.99,5,0.566,0
372.807,48.207,4.91,0.759,5,0.374,1
278.016,15.0,5.318,0.288,5,-0.05,1
364.141,77.051,7.33,0.512,5,0.917,1
406.519,80.038,2.752,0.639,4,0.289,1
261.52,89.745,4.276,0.701,5,0.274,1
515.425,110.498,3.595,0.387,4,0.373,1
327.608,107.316,2.164,0.623,1,0.322,0
359.729,94.057,3.843,0.506,1,-0.125,0
379.911,126.844,6.715,0.429,5,0.572,1
350.59,31.836,5.633,0.702,5,0.154,1
400.673,102.66,5.789,0.805,5,0.303,1
225.93,106.929,4.793,0.818,1,0.928,0
233.004,41.615,5.547,0.765,3,0.683,1
167.981,32.4,2.899,0.551,1,0.884,0
352.74,58.892,3.881,0.793,5,0.197,1
393.472,61.846,4.884,0.712,3,0.619,0
354.933,111.37,5.055,0.677,3,0.521,0
500.939,63.491,5.14,0.528,2,0.384,1
299.328,55.028,4.223,0.551,4,0.175,1
380.249,63.593,3.745,0.665,5,0.725,1
168.996,124.152,10.816,0.99,4,0.246,1
253.548,85.457,6.314,0.71,2,0.441,0
383.465,78.726,5.326,0.528,4,0.674,1
401.892,81.15,4.034,0.484,5,0.107,1
264.724,130.222,3.598,0.552,2,0.073,0
291.408,58.779,4.238,0.99,4,1.0,0
117.855,131.043,5.086,0.57,1,0.142,0
257.156,92.367,0.739,0.831,3,0.885,0
406.846,79.385,1.361,0.575,2,0.384,0
369.025,172.532,3.226,0.702,1,0.272,0
360.08,48.053,4.914,0.808,5,0.302,1
305.973,72.621,4.021,0.536,3,0.381,0
300.848,41.865,7.456,0.522,2,0.801,1
220.761,118.336,1.535,0.982,3,0.627,0
383.859,144.122,2.997,0.847,2,0.337,0
350.517,143.447,7.54,0.808,2,-0.16,1
359.042,127.838,4.762,0.807,4,0.406,0
236.876,78.083,6.27,0.742,3,0.44,1
41.599,72.217,8.602,0.99,3,0.778,0
431.658,26.509,3.112,0.659,1,-0.041,0
242.54,156.256,4.301,0.765,5,0.252,1
196.467,101.414,3.955,0.36,1,0.242,1
383.217,67.782,0.591,0.485,4,0.383,0
252.958,131.482,3.879,0.41,2,0.427,0
427.192,50.953,6.262,0.905,4,0.532,0
374.041,99.232,5.581,0.139,4,-0.168,1
382.028,78.958,5.738,0.57,1,0.452,0
136.085,107.354,3.749,0.051,2,0.474,1
445.433,82.775,3.188,0.484,5,0.423,1
331.35,34.218,7.039,0.552,4,0.347,1
255.687,87.645,3.505,0.927,5,-0.626,1
317.207,121.71,5.088,0.729,2,0.57,0
86.852,83.977,4.827,0.483,2,0.108,0
349.038,112.129,7.423,0.863,1,0.584,0
176.475,48.406,6.443,0.654,3,0.775,1
137.68,84.081,1.909,0.658,1,-0.103,0
117.317,63.142,2.125,0.409,5,0.575,1
433.523,111.144,5.658,0.452,1,0.029,1
224.488,86.102,4.371,0.485,2,0.387,0
484.047,109.153,3.59,0.659,4,0.362,0
235.704,123.07,6.531,0.666,3,0.627,0
95.117,109.207,4.875,0.959,2,0.582,0
166.017,94.559,4.605,0.727,4,0.479,0
448.297,50.063,6.06,0.108,5,-0.093,1
281.292,84.902,3.75,0.703,5,-0.354,1
234.206,66.342,7.637,0.36,5,0.674,1
319.202,72.958,2.924,0.457,1,0.624,0
360.214,71.891,5.814,0.488,5,0.101,1
434.088,50.703,7.368,0.517,5,0.504,1
473.82,16.493,1.745,0.375,1,0.337,1
256.828,61.615,3.813,0.691,4,0.726,0
140.874,91.768,6.784,0.368,2,0.425,1
250.384,37.814,6.814,0.721,3,0.67,0
331.234,85.549,4.157,0.99,5,0.216,0
184.349,151.509,3.031,0.384,5,0.486,1
185.142,120.807,6.412,0.593,5,0.276,0
341.255,142.524,6.867,0.145,1,0.214,1
294.162,98.689,2.171,0.59,1,-0.299,1
303.936,125.863,2.092,0.779,1,0.677,0
208.981,59.661,4.951,0.794,3,0.925,0
272.352,62.448,5.759,0.665,2,-0.016,1
189.092,15.0,3.902,0.828,5,0.608,0
406.824,126.515,5.859,0.99,4,0.596,0
424.23,138.911,3.08,0.99,5,0.246,1
78.457,65.639,0.5,0.545,5,0.179,1
188.459,76.112,3.652,0.36,5,0.754,1
120.416,58.615,4.626,0.569,5,0.723,0
221.997,98.393,3.948,0.461,2,0.535,0
289.987,124.373,2.183,0.74,4,0.244,1
126.043,24.003,0.869,0.414,1,0.727,0
189.377,99.33,3.472,0.635,4,0.149,1
179.525,75.316,6.295,0.818,5,0.826,1
324.872,88.969,7.012,0.63,4,0.89,1
308.321,101.065,6.875,0.461,5,0.754,1
213.391,78.413,2.868,0.885,4,0.503,0
321.219,81.374,2.193,0.274,3,-0.364,1
234.398,77.514,5.493,0.584,4,0.345,1
267.401,118.961,5.77,0.642,1,0.929,0
500.814,99.657,5.3,0.653,1,0.681,0
460.855,92.72,0.5,0.686,4,0.531,0
144.05,40.517,2.766,0.772,4,0.196,1
399.568,71.75,4.441,0.643,2,0.707,0
397.368,116.453,5.474,0.576,4,-0.072,1
162.208,86.319,6.035,0.568,1,0.349,0
398.253,108.084,4.789,0.528,3,0.922,0
484.552,146.828,5.162,0.808,1,0.159,0
165.295,121.351,4.67,0.521,2,0.583,0
189.9,88.261,5.871,0.819,4,-0.127,1
422.119,67.115,5.126,0.654,3,0.204,1
332.579,15.0,4.631,0.546,1,0.454,0
366.177,79.107,3.963,0.774,3,0.506,0
340.871,73.59,4.663,0.505,5,1.0,1
346.884,98.663,5.469,0.778,1,0.249,0
140.823,79.613,5.035,0.693,5,0.578,0
425.678,73.787,5.262,0.531,3,0.57,0
440.351,22.721,7.185,0.756,4,0.223,1
272.473,52.101,5.03,0.759,4,0.687,1
294.783,101.683,3.202,0.882,4,0.6,0
116.267,145.057,6.267,0.843,5,0.318,1
361.711,81.587,1.768,0.748,4,0.458,0
368.647,96.473,2.337,0.424,2,0.112,0
292.537,118.337,5.172,0.99,1,0.134,0
434.922,56.619,5.533,0.369,1,0.394,1
259.911,97.838,2.01,0.84,3,0.624,0
367.753,59.083,3.734,0.736,5,0.3,1
177.64,115.269,3.288,0.415,1,0.215,0
297.174,90.299,3.527,0.625,5,0.331,1
279.077,95.446,6.387,0.634,3,0.649,0
327.037,57.609,5.913,0.911,4,-0.006,1
255.657,109.746,4.462,0.507,3,0.658,0
284.223,157.965,3.408,0.598,2,0.554,0
399.126,49.723,1.801,0.183,4,-0.007,1
247.588,73.108,7.34,0.99,4,0.329,1
107.211,93.106,5.684,0.436,4,0.591,1
509.95,112.524,3.087,0.715,3,-0.173,1
465.774,65.416,5.939,0.63,2,0.089,1
144.928,15.0,4.36,0.63,5,-0.057,1
382.765,132.572,3.926,0.812,3,0.227,0
239.643,111.618,5.37,0.984,1,0.711,0
331.618,23.997,3.017,0.7,1,0.639,0
335.307,63.735,3.812,0.781,3,0.248,1
271.871,139.886,4.743,0.716,5,0.709,1
205.948,135.673,3.501,0.854,1,0.599,0
217.135,117.852,5.838,0.557,5,0.783,1
190.057,78.836,8.238,0.865,4,0.373,1
200.181,87.905,2.991,0.872,3,0.562,0
291.939,80.418,1.17,0.867,4,1.0,0
214.109,124.488,0.5,0.518,1,0.307,0
381.846,54.346,4.199,0.616,5,0.381,1
478.47,56.797,3.174,0.698,4,0.352,0
230.394,120.36,4.916,0.376,1,0.373,0
328.729,83.447,4.765,0.969,2,0.567,0
359.962,133.246,1.294,0.648,4,0.417,0
356.64,61.497,0.87,0.707,2,-0.009,0
309.115,83.083,5.092,0.535,2,0.405,0
389.122,52.716,4.771,0.385,1,0.242,1
357.87,85.258,3.648,0.529,3,-0.119,1
151.481,33.251,1.186,0.694,5,0.744,0
404.299,67.933,5.443,0.785,1,0.24,0
406.475,34.731,7.044,0.682,4,0.515,1
208.406,109.287,5.056,0.719,5,-0.546,1
304.553,110.081,2.805,0.583,3,0.55,0
381.999,24.441,4.589,0.749,1,0.306,0
274.882,131.686,1.768,0.947,3,-0.066,0
428.757,172.41,6.616,0.791,4,0.234,1
583.665,86.61,4.664,0.812,1,0.194,1
205.682,62.561,0.964,0.709,4,0.625,0
134.275,183.852,3.899,0.349,5,0.427,1
336.458,38.836,5.427,0.441,5,-0.057,1
386.588,85.704,3.834,0.741,3,0.532,0
272.296,91.287,3.948,0.648,3,-0.221,1
474.391,132.08,2.051,0.738,5,0.062,0
139.367,97.591,5.633,0.985,2,0.404,0
383.15,67.548,3.203,0.795,5,0.213,1
227.297,51.709,0.5,0.902,1,0.758,0
506.325,73.036,3.757,0.669,4,0.451,1
539.102,49.758,6.462,0.489,5,0.588,1
208.001,86.674,3.726,0.638,5,0.6,0
234.053,65.253,7.976,0.489,4,0.267,1
403.151,32.709,5.358,0.962,4,0.08,1
253.544,128.93,5.178,0.808,1,0.385,0
294.551,67.581,4.243,0.754,4,0.66,0
303.047,40.615,4.363,0.897,3,0.33,1
69.639,79.111,3.973,0.246,5,0.577,1
298.339,87.393,3.895,0.768,4,0.392,1
217.233,23.874,5.562,0.388,1,-0.066,1
240.825,96.608,2.628,0.649,4,-0.04,1
473.236,48.349,2.348,0.588,5,0.869,0
149.219,144.886,2.254,0.782,2,0.05,0
397.585,103.339,8.591,0.696,4,0.209,1
266.524,71.004,5.561,0.919,3,0.675,0
266.429,58.919,5.109,0.53,5,0.042,1
394.845,81.326,2.385,0.792,1,0.195,0
340.806,106.448,5.747,0.682,5,0.337,1
368.474,84.108,4.267,0.323,2,0.297,1
416.182,77.399,4.928,0.466,1,0.109,0
260.243,87.043,2.547,0.62,2,0.342,0
226.532,63.865,4.821,0.872,2,0.604,0
169.782,72.988,3.652,0.743,3,0.363,0
200.951,15.0,2.969,0.416,4,0.202,1
653.891,119.08,5.968,0.622,3,0.684,1
449.362,95.458,1.425,0.99,3,0.912,0
137.871,57.929,5.63,0.672,3,0.687,0
141.305,151.456,5.869,0.585,1,0.063,1
357.824,88.046,2.741,0.748,4,0.071,1
365.672,48.735,2.859,0.803,4,0.531,1
365.866,114.986,4.054,0.559,1,0.451,0
269.405,98.932,5.064,0.751,3,0.033,1
284.945,98.81,4.194,0.584,3,0.486,1
339.346,70.099,5.367,0.794,2,0.43,0
310.307,100.767,8.026,0.684,2,0.843,0
33.684,75.838,3.485,0.746,5,0.269,1
272.424,104.458,1.07,0.498,2,0.816,0
197.831,18.327,6.152,0.486,4,0.829,0
321.025,69.814,7.867,0.839,1,0.198,0
658.231,145.275,5.286,0.634,3,0.506,1
344.098,58.153,2.325,0.707,5,0.337,0
262.376,63.866,4.252,0.589,2,0.324,0
410.616,69.321,2.263,0.83,5,0.474,0
357.923,42.482,5.786,0.528,1,0.163,1
350.411,15.0,1.797,0.623,1,-0.079,0
372.822,76.929,3.9,0.807,5,0.24,1
546.785,89.755,2.491,0.885,5,0.754,0
164.293,83.162,4.754,0.545,5,0.339,1
356.836,79.929,3.767,0.99,3,0.393,0
188.834,86.506,4.854,0.713,4,0.638,0
366.662,120.799,4.545,0.441,2,-0.079,1
189.758,78.334,2.527,0.724,2,0.532,0
249.916,64.907,5.754,0.573,2,0.901,0
264.589,75.161,4.402,0.737,5,0.427,1
417.098,105.277,2.523,0.641,5,-0.177,1
410.215,134.421,8.982,0.665,5,0.377,1
150.514,63.015,5.453,0.468,3,0.583,1
306.592,88.463,4.193,0.848,3,0.434,1
214.85,96.843,7.33,0.419,3,0.482,1
148.979,50.26,8.184,0.428,3,0.518,1
273.958,85.715,4.209,0.723,1,0.12,0
262.982,33.701,5.195,0.971,3,0.158,0
591.206,23.083,2.524,0.579,3,0.289,1
351.955,97.836,4.206,0.79,3,0.518,0
134.686,71.564,4.102,0.865,2,0.043,0
232.227,92.08,4.87,0.813,2,1.0,0
422.566,84.374,5.166,0.588,2,-0.327,1
550.613,50.826,5.62,0.432,4,-0.112,1
109.682,83.416,4.975,0.208,1,0.566,0
74.409,41.841,2.079,0.597,5,0.54,0
524.516,133.684,2.623,0.886,3,0.378,0
346.754,37.541,3.407,0.425,2,0.603,0
195.805,78.148,3.936,0.79,1,0.57,0
364.155,48.52,6.602,0.46,3,0.4,1
10.0,104.965,2.174,0.671,4,0.48,0
300.405,73.4,3.785,0.792,5,-0.542,1
339.339,66.847,6.406,0.518,3,0.36,1
410.912,114.862,3.9,0.684,5,0.386,1
178.332,86.03,5.421,0.567,3,0.974,0
310.282,103.083,4.221,0.791,4,0.152,1
188.949,50.654,5.014,0.697,1,0.389,0
330.646,35.831,4.043,0.661,5,0.827,0
192.558,88.752,5.834,0.962,5,0.568,0
251.028,73.84,1.41,0.782,1,0.408,0
180.502,106.925,3.773,0.512,5,0.689,1
378.136,82.203,5.093,0.633,2,0.162,1
403.014,92.178,5.567,0.635,1,0.918,0
271.846,28.182,7.486,0.666,4,0.593,1
304.589,151.095,3.718,0.99,3,-0.088,0
126.169,79.252,7.459,0.724,3,0.218,1
264.039,109.416,3.182,0.243,1,-0.247,1
293.975,55.737,7.157,0.541,2,0.639,0
614.495,95.78,6.135,0.264,4,0.569,0
166.564,39.4,2.673,0.584,3,0.262,1
475.701,100.822,5.114,0.253,3,0.76,1
419.623,72.541,4.398,0.476,2,0.375,0
333.676,86.022,5.751,0.346,5,1.0,1
511.034,109.429,4.053,0.727,1,0.04,1
344.653,41.861,3.886,0.65,2,0.593,0
346.699,61.043,7.238,0.711,2,0.281,0
293.626,101.006,4.303,0.629,2,0.197,1
446.828,158.438,6.153,0.371,2,0.348,1
431.576,80.167,4.049,0.753,5,0.51,0
224.919,105.69,7.833,0.99,4,0.417,0
141.69,81.256,3.143,0.732,2,0.603,0
275.642,152.979,3.272,0.565,2,0.582,0
203.995,23.847,7.549,0.364,1,0.835,1
292.377,88.312,3.61,0.468,3,0.04,1
448.493,28.106,7.702,0.741,5,-0.067,1
245.124,15.0,6.284,0.865,2,0.38,0
294.861,95.411,4.191,0.702,4,0.162,1
306.963,89.882,0.873,0.81,4,0.662,0
401.812,75.031,4.461,0.792,4,0.08,1
30.373,81.283,4.703,0.751,1,0.235,0
227.196,193.44,6.834,0.518,4,0.3,1
325.354,75.964,7.677,0.685,1,0.93,0
444.009,102.854,3.13,0.48,5,1.0,0
240.972,62.272,6.102,0.653,4,0.058,1
74.814,95.333,6.031,0.716,3,-0.259,1
374.365,76.662,6.647,0.986,2,0.228,0
223.757,70.632,5.497,0.388,5,0.389,1
157.24,148.661,0.615,0.746,3,0.388,0
225.079,126.201,4.189,0.946,5,0.375,0
277.857,89.786,2.189,0.802,4,0.645,0
227.431,15.0,4.095,0.817,5,0.279,0
35.332,72.365,6.46,0.768,5,0.464,1
407.648,179.606,5.11,0.91,5,0.593,0
452.985,76.927,6.796,0.433,1,0.466,0
378.183,123.613,5.184,0.373,3,0.603,0
163.478,135.468,1.903,0.649,4,-0.112,1
275.821,92.664,0.5,0.218,2,0.434,0
299.217,55.536,4.798,0.896,4,0.469,1
371.855,15.0,4.072,0.894,4,0.35,0
380.201,108.946,2.546,0.563,1,0.221,0
211.899,56.484,1.099,0.576,1,0.538,0
309.839,91.165,3.031,0.636,5,0.437,1
354.874,41.256,4.111,0.66,4,0.384,1
474.699,75.717,5.832,0.675,3,0.301,1
384.541,86.18,4.877,0.762,1,0.313,0
394.687,94.401,7.716,0.615,1,0.17,0
310.059,45.981,2.429,0.839,3,0.257,0
469.255,126.892,6.262,0.739,1,0.118,0
349.172,64.109,4.595,0.529,3,0.284,1
196.669,26.394,5.889,0.917,2,0.509,1
468.404,81.184,3.627,0.378,3,0.646,1
383.748,86.203,6.643,0.632,2,0.385,1
246.835,90.621,5.09,0.843,5,0.376,0
242.461,132.675,3.141,0.505,5,0.443,0
335.589,76.724,4.476,0.712,1,0.695,0
355.582,80.813,4.021,0.759,3,0.333,1
323.675,46.389,5.478,0.478,1,0.539,0
337.357,113.719,2.14,0.636,3,0.511,0
503.995,91.451,4.441,0.619,1,0.213,0
428.585,70.299,5.291,0.54,5,0.612,1
322.876,18.336,4.566,0.99,5,-0.222,1
412.957,135.554,7.194,0.497,1,0.719,0
176.097,42.031,6.048,0.851,3,0.042,1
347.751,64.305,4.485,0.571,4,0.358,1
517.117,97.542,4.933,0.433,3,0.649,1
273.834,43.12,5.091,0.671,1,0.272,1
198.284,32.727,5.307,0.78,3,0.47,0
221.749,15.0,0.849,0.834,2,0.654,0
169.244,110.235,3.897,0.962,3,0.954,0
205.829,65.918,1.531,0.99,5,0.395,0
255.539,187.454,7.057,0.7,5,0.454,0
131.332,50.198,4.378,0.517,2,0.412,0
301.874,52.749,4.113,0.741,3,0.334,1
408.273,65.211,6.294,0.597,4,-0.004,1
191.069,93.51,5.345,0.835,3,0.064,1
482.314,68.543,2.243,0.391,5,0.396,1
361.295,106.432,4.358,0.99,5,0.502,0
423.67,50.749,3.83,0.821,1,0.778,0
221.06,36.644,1.011,0.313,5,0.337,1
402.543,22.062,3.119,0.508,1,0.859,0
168.968,15.0,4.133,0.813,5,0.039,1
406.83,66.868,4.27,0.885,5,0.463,1
320.621,74.466,1.536,0.396,4,0.32,1
366.39,62.9,6.803,0.793,1,0.006,1
158.929,128.519,4.296,0.261,1,-0.108,1
192.592,127.981,4.575,0.632,5,0.27,1
371.667,73.282,5.301,0.872,1,0.292,0
186.198,22.213,2.924,0.54,5,0.134,1
355.585,65.165,5.413,0.349,5,0.628,1
135.943,64.006,3.766,0.679,3,0.278,1
401.781,62.0,2.707,0.529,1,0.104,0
152.097,60.58,5.647,0.776,2,0.329,0
366.276,62.129,7.483,0.473,1,0.211,1
375.076,71.471,5.95,0.495,1,0.894,0
216.387,62.756,6.346,0.246,4,0.305,1
369.843,92.291,3.459,0.684,2,0.125,1
331.253,97.613,1.305,0.618,2,0.894,0
235.339,53.127,7.48,0.412,4,0.618,1
178.973,129.487,8.609,0.689,4,0.432,1
64.485,50.698,7.586,0.855,1,0.161,0
341.958,28.377,3.828,0.607,3,0.63,0
112.224,98.327,2.191,0.704,4,-0.039,1
311.441,56.391,2.369,0.705,2,0.608,0
268.386,96.245,1.133,0.409,2,0.475,0
381.497,15.0,4.285,0.99,1,0.697,0
263.755,133.736,7.711,0.556,3,-0.308,1
260.466,108.53,4.217,0.781,5,0.124,1
387.824,32.483,5.105,0.804,4,0.1,1
340.207,33.243,7.251,0.622,4,0.065,1
337.939,143.529,3.692,0.771,1,0.528,0
356.312,59.192,8.571,0.699,3,0.311,1
115.731,55.804,8.484,0.366,2,0.139,1
390.815,15.0,4.238,0.584,2,0.069,1
373.496,72.723,3.345,0.527,5,0.112,1
177.998,77.03,5.894,0.558,2,0.66,0
270.71,110.042,3.805,0.389,4,0.38,1
295.283,36.032,2.187,0.875,5,0.649,0
283.86,31.79,7.062,0.97,3,1.0,0
340.063,100.784,6.933,0.846,5,0.395,1
471.764,120.236,4.811,0.904,3,-0.025,1
429.812,30.01,1.974,0.581,2,0.359,0
142.534,122.853,2.041,0.523,1,0.964,0
374.648,86.314,4.714,0.494,5,0.726,1
459.472,123.213,3.5,0.779,5,0.206,1
346.417,82.542,3.818,0.695,4,0.309,1
430.918,15.0,6.544,0.635,4,0.633,1
541.472,79.681,5.966,0.909,3,0.544,0
422.845,122.105,7.256,0.731,1,0.636,0
329.917,53.719,2.519,0.482,4,0.328,1
425.411,71.421,3.814,0.514,4,0.517,1
317.387,78.835,6.018,0.786,2,0.308,1
302.868,15.0,5.396,0.858,2,0.818,0
257.83,143.497,7.565,0.76,4,-0.058,1
487.61,53.452,5.341,0.99,3,-0.057,1
201.789,102.701,8.196,0.977,1,0.186,0
483.884,81.965,5.58,0.738,4,0.196,1
359.984,129.017,6.624,0.482,3,-0.058,1
132.083,99.212,3.853,0.388,3,-0.112,1
344.118,76.778,4.529,0.573,4,0.721,1
47.997,53.727,6.322,0.801,3,0.35,1
375.061,112.925,7.726,0.99,5,0.327,1
406.228,19.43,5.958,0.733,3,0.417,1
228.917,107.606,4.334,0.884,4,0.879,0
314.826,46.533,7.255,0.601,3,0.435,1
534.499,128.83,0.5,0.775,4,0.367,0
239.31,90.645,1.656,0.815,2,0.209,0
172.931,107.544,5.863,0.254,4,0.58,1
477.8,87.87,4.528,0.567,3,0.381,1
535.51,23.667,5.711,0.84,4,0.896,0
300.443,54.874,4.629,0.705,1,0.352,0
421.376,108.534,5.642,0.411,4,0.702,1
460.977,90.833,2.871,0.164,4,0.187,1
210.902,126.335,5.641,0.577,1,0.184,1
241.763,99.115,6.489,0.636,1,-0.148,1
447.705,51.165,6.941,0.473,1,0.638,0
502.202,57.138,8.527,0.679,5,0.389,1
367.546,88.602,4.988,0.751,4,0.592,0
194.422,15.0,5.048,0.784,1,0.909,0
538.447,143.57,1.454,0.179,1,0.146,0
236.283,100.461,3.437,0.387,2,0.101,1
259.783,127.946,4.114,0.589,5,0.164,1
341.081,29.679,6.601,0.764,4,-0.231,1
486.499,128.56,3.278,0.748,3,0.342,0
402.477,163.102,6.093,0.744,5,0.665,1
349.784,38.769,4.497,0.573,5,0.415,1
355.595,111.999,4.146,0.584,2,-0.071,1
305.222,85.039,4.998,0.504,4,0.293,1
366.977,30.945,3.718,0.804,4,0.438,1
10.0,102.251,3.642,0.466,1,0.689,0
264.407,114.176,1.09,0.82,1,0.639,0
328.959,63.961,4.004,0.692,5,0.296,1
161.878,125.807,3.54,0.641,2,0.296,0
346.359,26.663,3.468,0.519,4,0.578,0
275.463,32.684,5.334,0.379,2,0.222,1
510.657,89.781,5.817,0.52,3,0.657,0
488.762,85.888,4.964,0.584,4,0.202,1
244.103,59.92,6.491,0.176,1,0.865,0
281.899,113.336,5.651,0.611,5,0.471,1
291.126,103.581,3.91,0.835,2,-0.188,0
245.801,115.035,3.574,0.763,1,0.592,0
323.403,80.69,5.126,0.551,5,0.476,1
209.006,106.09,5.648,0.659,1,0.546,0
164.326,69.402,7.296,0.539,4,1.0,0
374.725,156.884,6.882,0.68,2,0.322,1
375.544,56.561,3.417,0.958,3,-0.066,1
203.482,158.685,4.296,0.844,1,0.78,0
407.443,86.221,5.842,0.754,2,-0.134,1
224.211,36.857,6.636,0.551,4,0.176,1
330.38,132.883,6.378,0.8,1,0.413,0
398.441,89.407,4.372,0.313,4,0.13,1
295.966,114.789,1.992,0.6,3,0.381,0
354.569,127.835,2.502,0.767,3,0.359,0
238.028,96.828,5.045,0.798,5,0.861,0
276.424,64.272,5.184,0.784,5,-0.327,1
275.297,119.15,2.303,0.709,5,0.426,1
210.411,85.026,4.589,0.611,4,0.124,1
278.787,109.005,5.762,0.758,5,0.231,1
114.166,15.0,2.198,0.459,2,0.604,0
241.062,100.644,6.71,0.481,4,0.555,1
265.815,62.649,3.745,0.662,4,0.503,1
269.258,142.866,7.015,0.685,5,0.023,1
271.02,106.808,3.433,0.285,5,0.756,1
292.588,93.395,2.447,0.741,4,0.137,1
357.533,102.021,3.584,0.805,3,0.816,0
404.942,50.055,4.31,0.635,3,0.205,1
222.028,141.814,3.723,0.99,5,0.709,0
155.616,154.698,4.068,0.513,3,0.431,1
174.955,98.752,5.168,0.578,2,-0.102,1
241.536,140.664,4.158,0.571,2,0.293,1
257.769,65.08,4.368,0.635,2,0.911,0
207.6,57.101,1.082,0.584,4,0.647,1
144.466,86.432,5.283,0.369,4,0.269,1
245.266,100.223,4.322,0.541,4,0.791,0
321.771,71.21,7.721,0.63,4,0.485,1
371.404,103.822,2.621,0.896,4,0.893,0
233.109,95.724,0.883,0.99,5,0.376,0
250.44,50.059,5.736,0.917,3,0.312,1
188.796,103.158,5.193,0.495,5,0.696,1
296.227,115.223,2.483,0.511,3,0.476,1
198.189,91.001,1.441,0.618,5,0.567,0
368.775,125.343,7.575,0.99,2,0.141,0
85.696,42.391,7.328,0.617,1,0.751,0
256.844,101.378,0.5,0.384,4,0.695,1
336.133,44.04,3.584,0.55,1,0.805,0
322.06,46.007,7.828,0.801,1,-0.008,1
623.164,62.917,3.548,0.788,2,0.051,1
341.976,52.028,3.519,0.61,1,0.176,0
179.513,65.82,3.934,0.787,1,0.328,0
288.544,77.505,2.258,0.195,2,0.0,1
86.85,114.3,1.09,0.671,3,0.591,0
290.328,73.759,6.605,0.822,5,0.269,1
200.033,29.503,0.814,0.483,1,0.777,0
409.847,124.902,4.995,0.483,4,1.0,0
234.055,55.702,6.273,0.277,2,0.222,1
285.988,82.945,1.598,0.968,1,0.17,0
223.733,100.629,2.651,0.506,3,0.624,1
508.662,91.986,6.926,0.698,3,0.429,1
261.451,123.296,5.566,0.771,4,0.511,0
519.907,101.765,3.265,0.952,1,0.799,0
397.698,54.854,6.904,0.619,4,0.318,1
357.848,161.25,6.913,0.542,3,0.08,1
344.248,91.802,5.038,0.685,3,0.031,1
347.256,79.843,2.7,0.907,5,0.347,1
68.679,118.737,3.673,0.616,3,0.294,0
266.534,93.731,5.073,0.459,2,0.659,0
401.419,98.973,4.123,0.342,5,0.818,1
294.132,172.226,6.378,0.406,4,0.817,1
131.377,75.371,1.44,0.823,3,0.19,0
293.711,73.878,1.511,0.586,2,0.159,0
504.493,89.08,4.862,0.528,5,-0.144,1
449.627,122.503,3.517,0.507,2,0.401,0
292.56,32.271,3.246,0.667,5,0.665,1
414.174,16.206,0.964,0.602,5,0.188,1
256.019,64.451,4.539,0.595,5,-0.044,1
95.535,27.813,4.394,0.92,4,0.966,0
189.064,70.131,5.807,0.958,5,0.188,1
487.547,102.587,4.638,0.328,5,0.366,1
267.121,53.824,4.235,0.716,2,0.26,0
270.794,35.061,6.854,0.495,5,-0.0,1
264.019,87.427,1.875,0.6,4,0.671,0
528.496,115.189,5.573,0.712,2,-0.125,1
495.115,25.676,1.158,0.607,5,0.737,0
566.254,113.708,2.823,0.696,2,0.48,0
280.915,113.606,2.075,0.785,4,0.319,0
335.475,118.393,6.064,0.709,2,0.324,0
118.003,127.647,4.369,0.521,4,0.536,1
477.232,162.07,4.473,0.524,3,0.207,1
159.866,72.537,2.287,0.362,5,0.453,1
326.013,88.835,3.901,0.479,4,0.134,1
168.324,70.425,2.973,0.99,5,-0.245,1
229.336,85.069,5.267,0.492,4,0.585,1
199.529,138.651,2.518,0.411,1,1.0,0
227.055,37.924,7.16,0.714,1,0.57,0
235.305,54.863,1.149,0.628,1,0.386,0
234.208,133.201,2.887,0.611,4,0.281,0
400.0,120.701,7.854,0.932,5,0.29,1
167.416,72.29,3.63,0.76,1,0.281,0
326.465,114.904,1.87,0.544,5,0.46,1
446.155,96.943,4.938,0.565,4,-0.316,1
238.416,137.51,3.549,0.549,5,-0.368,1
213.85,87.608,2.828,0.825,5,0.535,0
272.337,120.897,2.308,0.588,1,0.34,0
441.567,177.47,10.037,0.291,2,0.104,1
323.293,105.933,3.997,0.64,3,0.096,1
236.254,86.726,0.649,0.343,4,0.233,1
358.065,110.286,7.487,0.99,4,0.274,1
167.725,72.215,5.722,0.457,4,0.827,1
381.763,168.579,2.967,0.618,3,0.079,0
349.033,91.302,2.634,0.702,2,0.629,0
263.063,75.447,5.847,0.592,5,0.577,0
199.37,55.751,4.006,0.592,4,0.337,1
193.598,123.403,0.648,0.734,5,0.629,0
364.178,115.352,8.074,0.955,1,0.533,0
447.478,67.593,3.632,0.804,1,0.023,1
223.523,105.176,7.491,0.946,1,0.222,0
355.006,32.201,7.057,0.441,4,0.516,1
49.557,91.474,2.498,0.713,3,0.221,0
229.846,100.846,6.566,0.681,4,0.583,0
296.273,144.757,3.197,0.72,1,0.749,0
190.838,58.021,0.767,0.925,1,0.392,0
187.619,40.258,3.651,0.606,4,0.218,1
219.866,53.66,5.295,0.569,3,0.184,1
335.063,38.22,3.575,0.757,3,0.291,0
277.521,131.783,3.886,0.294,5,0.27,1
31.412,139.202,6.787,0.603,2,0.659,0
45.516,96.208,4.713,0.623,1,0.224,0
227.176,127.745,2.813,0.466,3,0.347,0
354.922,89.689,5.904,0.861,1,0.634,0
10.0,81.671,4.895,0.438,2,0.301,0
240.032,73.344,0.5,0.623,1,0.267,0
236.85,74.136,5.357,0.709,3,0.661,0
466.601,30.827,5.284,0.921,5,0.748,1
253.797,94.249,4.54,0.648,4,0.412,1
345.959,83.588,6.283,0.837,4,0.898,0
316.951,111.088,3.155,0.79,3,0.45,1
44.332,88.273,5.173,0.675,3,0.663,0
392.185,79.305,1.366,0.432,2,0.987,0
325.848,54.508,5.314,0.363,1,0.211,1
360.992,87.525,8.406,0.671,2,0.244,0
771.149,110.838,2.51,0.541,4,0.64,0
49.906,44.983,2.98,0.834,1,0.352,0
506.964,88.062,3.08,0.799,2,0.118,0
265.506,93.157,4.76,0.613,4,0.295,1
334.479,59.868,2.374,0.418,1,-0.024,1
294.539,64.425,5.342,0.752,5,0.407,1
249.092,93.071,6.194,0.446,5,0.449,1
231.62,45.33,5.569,0.498,2,0.725,0
339.541,97.247,0.963,0.454,3,0.754,0
117.939,53.663,6.49,0.622,1,0.305,0
390.07,122.2,6.375,0.884,2,1.0,0
250.057,166.824,6.16,0.649,3,0.078,0
164.392,54.874,5.246,0.561,3,-0.02,1
245.998,103.697,4.94,0.345,1,0.027,1
450.858,59.564,6.565,0.76,1,0.049,1
235.76,121.433,8.347,0.494,3,0.627,1
343.014,40.716,2.594,0.674,4,0.905,0
212.285,101.821,6.656,0.579,2,0.917,0
390.951,54.445,4.328,0.818,1,-0.165,1
382.261,77.756,4.241,0.619,3,0.657,0
521.833,48.914,1.427,0.638,4,0.858,0
278.932,113.782,3.93,0.747,5,0.699,0
380.239,55.706,2.505,0.99,3,0.21,0
311.768,104.319,3.572,0.828,4,0.451,0
455.505,72.957,2.304,0.632,5,0.115,1
213.74,80.993,3.602,0.651,4,0.624,0
389.401,90.171,3.688,0.545,1,-0.039,0
276.636,58.336,4.694,0.46,3,0.606,1
292.297,92.363,1.271,0.539,5,0.187,1
311.01,138.562,1.609,0.496,4,0.509,0
330.269,57.767,5.224,0.781,5,0.324,1
286.053,126.013,2.905,0.436,2,0.292,0
325.766,137.433,6.649,0.917,3,0.684,0
489.374,56.435,4.951,0.8,1,0.858,0
418.254,34.073,5.714,0.654,5,0.141,1
404.299,95.569,7.321,0.65,4,0.456,1
245.335,65.841,3.881,0.539,5,0.074,1
193.291,150.401,3.351,0.704,4,0.262,0
414.636,86.218,6.243,0.868,5,0.182,1
405.126,56.923,5.519,0.509,1,0.022,1
476.72,44.849,4.125,0.343,1,0.718,0
227.522,123.147,7.283,0.791,3,0.431,1
272.454,65.009,4.076,0.715,1,0.236,0
103.262,86.534,4.566,0.426,5,0.383,1
252.903,118.453,4.542,0.503,5,0.759,1
419.588,68.051,2.631,0.478,1,0.708,0
244.021,83.392,4.655,0.505,2,0.567,0
376.858,84.42,7.294,0.585,5,0.199,1
277.14,108.916,5.39,0.597,3,0.436,0
338.887,105.676,4.562,0.52,2,0.073,0
162.277,77.296,4.176,0.498,1,0.374,0
310.225,87.228,5.162,0.604,4,0.693,1
10.0,71.988,6.0,0.684,5,0.749,1
277.572,33.284,5.718,0.587,4,0.207,1
104.343,94.016,3.836,0.882,3,0.65,0
444.719,151.227,5.15,0.752,2,0.588,0
393.289,54.07,5.46,0.332,4,0.328,1
356.001,57.944,2.486,0.755,3,0.624,0
482.521,54.525,4.836,0.771,4,0.768,0
186.13,110.361,0.5,0.563,4,0.655,0
509.684,100.697,5.465,0.351,3,0.084,1
411.863,79.451,5.821,0.652,5,0.317,1
271.613,52.869,5.995,0.648,4,0.52,1
436.274,88.233,3.71,0.426,3,0.159,1
167.245,30.238,5.118,0.36,4,0.867,0
201.058,90.02,7.348,0.632,5,0.494,1
226.969,115.503,7.328,0.603,3,0.264,1
236.523,41.208,4.442,0.567,4,0.245,1
173.213,31.362,4.779,0.633,1,0.191,0
446.77,140.28,6.722,0.429,5,0.612,1
268.937,63.588,1.498,0.563,4,0.647,0
342.301,124.758,3.854,0.757,2,0.201,0
231.558,79.61,7.171,0.58,3,0.841,0
81.528,79.332,6.45,0.316,4,0.284,1
332.407,100.344,5.239,0.555,5,0.161,1
70.529,54.06,1.488,0.436,5,0.543,1
291.764,89.637,4.4,0.703,2,0.04,1
135.802,71.648,3.32,0.714,2,-0.01,0
538.473,38.783,5.162,0.318,4,0.114,1
409.364,96.812,2.881,0.802,1,0.164,0
312.69,75.784,2.449,0.428,5,0.625,1
451.645,79.504,0.5,0.962,1,0.011,0
198.442,42.644,6.944,0.64,1,0.511,0
365.218,140.699,3.7,0.401,4,0.652,0
323.977,115.685,4.814,0.422,3,0.833,0
331.682,118.745,4.496,0.72,3,0.252,0
452.682,74.309,2.365,0.572,3,0.276,1
387.899,24.479,1.982,0.631,2,1.0,0
334.647,153.352,2.489,0.973,5,0.806,0
101.414,82.862,3.054,0.51,2,0.318,0
184.794,58.792,5.233,0.662,5,0.744,1
285.275,99.588,2.909,0.934,5,0.474,0
311.205,125.849,7.993,0.704,5,0.405,1
164.376,84.193,6.554,0.329,4,1.0,1
589.401,129.75,6.117,0.751,3,0.722,0
481.967,122.905,4.261,0.417,2,0.966,0
372.254,47.327,7.529,0.931,2,0.081,1
308.644,61.417,4.064,0.485,4,0.939,1
274.535,118.514,4.437,0.99,5,0.353,0
185.77,15.0,4.84,0.943,3,0.349,0
309.298,79.769,5.904,0.491,1,0.517,0
330.93,34.921,5.774,0.654,1,0.554,0
150.989,68.321,3.55,0.801,4,0.717,0
340.101,74.541,3.434,0.807,3,0.665,1
281.369,72.461,5.78,0.738,1,0.204,0
71.063,65.671,5.93,0.9,1,0.101,0
196.754,46.6,3.713,0.625,2,0.343,0
250.367,165.217,1.326,0.577,3,0.396,1
526.523,150.361,4.085,0.581,1,0.427,0
366.786,44.328,5.747,0.822,2,0.81,0
139.742,140.374,8.111,0.723,3,0.455,0
358.324,71.019,2.104,0.708,5,1.0,1
114.324,89.522,3.647,0.809,3,0.834,0
429.923,82.785,3.721,0.24,4,0.31,1
243.465,61.909,7.212,0.712,2,-0.133,1
288.764,119.435,4.43,0.694,5,1.0,0
459.096,89.406,2.685,0.984,2,0.315,0
145.54,68.321,5.617,0.344,2,0.679,0
132.346,39.339,3.691,0.961,1,0.2,0
229.968,53.724,2.051,0.665,3,0.88,0
424.605,27.552,2.714,0.748,2,0.654,0
117.678,85.428,7.968,0.985,2,0.074,1
10.0,43.117,5.268,0.762,4,-0.186,1
245.861,75.705,4.716,0.73,4,0.457,1
366.209,132.954,4.0,0.698,4,0.549,1
444.031,126.975,5.084,0.553,2,0.629,0
244.421,83.87,5.06,0.644,5,0.167,1
250.629,81.952,5.084,0.507,3,0.207,1
438.468,150.796,4.73,0.641,2,-0.167,1
75.631,103.226,6.238,0.183,1,0.234,1
253.378,73.527,4.546,0.736,5,-0.089,1
322.851,35.089,2.544,0.626,5,0.186,1
353.906,98.786,3.275,0.583,3,0.498,0
238.823,114.026,0.542,0.694,5,0.494,0
304.133,62.892,8.554,0.363,3,0.198,1
10.0,95.192,6.226,0.99,5,0.482,0
221.01,72.275,2.84,0.629,3,0.843,0
354.421,78.559,3.936,0.621,4,0.317,1
182.125,15.0,3.226,0.457,4,0.016,1
307.078,77.238,7.585,0.655,5,0.636,1
353.625,118.928,1.66,0.927,5,0.728,0
258.894,62.901,4.729,0.857,3,0.191,0
320.456,86.838,4.283,0.821,3,0.193,1
184.472,58.542,6.154,0.759,2,-0.195,1
275.207,97.615,4.292,0.578,4,0.262,1
373.226,77.422,0.984,0.36,2,0.123,0
318.837,52.127,3.998,0.61,2,-0.057,1
229.616,131.639,2.556,0.603,1,0.291,0
326.906,117.513,4.659,0.86,3,0.399,0
385.753,63.828,7.368,0.712,1,0.344,1
54.007,102.423,1.021,0.972,1,0.303,0
439.089,103.809,2.9,0.889,2,0.857,0
259.649,107.481,3.395,0.559,1,0.492,0
351.059,25.701,3.737,0.291,3,0.595,1
443.67,120.231,5.98,0.927,2,0.943,0
135.399,65.061,4.153,0.922,3,0.696,0
214.867,72.476,5.332,0.377,5,0.318,1
265.374,177.326,3.248,0.952,1,-0.156,0
205.95,95.566,4.96,0.726,2,0.289,0
508.192,71.479,6.056,0.682,4,0.837,0
197.187,15.0,3.035,0.973,3,0.694,0
233.334,133.642,6.063,0.919,1,0.29,0
324.527,37.918,4.605,0.78,3,0.376,1
155.742,49.88,6.591,0.745,3,0.438,0
252.518,73.403,4.097,0.773,5,0.215,1
338.094,134.574,5.262,0.57,3,0.233,1
260.057,112.063,4.419,0.639,5,0.205,1
288.794,79.476,4.308,0.47,5,0.548,1
236.48,95.79,5.018,0.583,5,0.083,1
118.264,63.987,5.574,0.577,1,0.833,0
338.591,89.888,2.001,0.523,3,0.398,0
510.592,87.567,7.367,0.677,3,0.068,1
302.208,118.907,0.781,0.585,5,0.708,0
327.032,118.851,3.13,0.75,3,0.85,0
383.127,102.289,4.311,0.326,3,1.0,1
147.68,72.318,5.325,0.627,5,0.811,0
504.302,110.964,7.652,0.676,4,0.137,1
324.279,81.781,0.783,0.588,4,0.463,0
495.823,47.133,3.485,0.616,5,1.0,1
212.036,70.885,0.5,0.333,1,0.167,0
518.167,87.958,4.563,0.721,3,0.019,1
393.019,116.858,5.043,0.78,3,0.283,0
366.365,78.577,7.682,0.749,4,0.096,1
328.083,42.678,4.741,0.858,5,0.218,1
270.177,86.986,6.588,0.69,1,0.202,0
444.064,88.971,5.668,0.746,5,0.615,1
316.843,91.504,3.63,0.681,4,0.011,1
63.952,117.196,1.682,0.788,4,0.439,0
165.938,120.662,5.05,0.335,3,0.171,1
277.699,64.203,1.516,0.471,2,0.565,0
337.2,63.435,7.09,0.967,1,0.598,0
293.209,48.593,4.176,0.158,1,0.668,0
446.276,109.459,6.89,0.622,2,0.668,0
65.868,135.709,3.54,0.884,4,0.214,0
317.231,73.972,5.038,0.631,5,0.399,1
81.842,76.55,4.919,0.569,1,0.841,0
391.165,136.337,4.41,0.676,2,0.533,0
288.665,102.695,3.635,0.579,3,0.666,0
350.353,100.268,5.285,0.656,3,0.035,1
196.334,43.318,2.648,0.513,4,0.686,0
453.536,108.755,2.081,0.872,1,-0.166,0
425.007,52.48,6.986,0.935,5,-0.059,1
370.025,45.309,5.954,0.623,1,0.13,1
284.458,72.863,4.632,0.373,3,0.528,1
369.583,64.497,7.83,0.545,1,0.579,0
215.173,77.244,3.964,0.613,3,0.156,0
402.667,34.566,7.145,0.751,2,-0.177,1
497.938,118.559,4.851,0.448,2,0.686,1
428.473,124.469,2.45,0.496,3,0.576,0
212.448,16.843,8.196,0.752,5,0.528,1
343.37,119.246,6.481,0.838,5,0.978,0
144.823,56.631,4.258,0.526,1,0.445,0
368.687,114.994,5.954,0.383,3,0.102,1
354.072,82.604,3.693,0.99,4,0.799,0
75.622,86.007,6.158,0.807,5,0.278,1
160.586,78.522,0.5,0.597,5,0.368,0
266.023,127.425,2.46,0.824,2,0.239,0
263.897,41.614,6.459,0.625,5,0.15,1
154.863,106.274,4.001,0.823,5,0.274,1
346.677,123.547,4.915,0.682,5,0.856,0
330.177,110.072,1.806,0.668,3,0.08,1
276.688,166.364,8.196,0.627,3,0.721,0
209.305,66.487,6.881,0.361,2,-0.155,1
425.845,118.506,4.099,0.99,1,0.88,0
498.649,81.287,3.691,0.462,5,0.912,0
241.973,128.169,6.559,0.378,1,0.093,1
226.54,84.731,8.465,0.607,3,0.424,0
358.945,71.424,6.408,0.458,5,0.593,1
257.036,130.713,8.844,0.64,1,0.219,0
283.272,67.795,2.655,0.788,1,0.965,0
388.758,35.555,2.861,0.849,4,0.406,0
70.877,66.91,2.122,0.813,3,0.244,0
458.196,106.666,5.384,0.589,2,0.424,0
308.722,133.721,4.851,0.66,2,0.179,0
250.621,88.89,4.196,0.732,4,0.406,0
289.292,131.137,6.119,0.298,1,0.265,0
295.492,37.464,6.965,0.764,4,0.166,1
92.256,69.486,1.449,0.359,4,0.639,0
479.393,74.9,3.306,0.99,3,-0.108,1
304.959,80.99,6.14,0.569,5,0.929,1
353.16,87.943,3.565,0.613,1,0.469,0
414.186,109.182,2.904,0.496,2,0.954,0
177.461,69.432,6.537,0.524,2,0.689,0
356.817,89.866,1.921,0.99,4,-0.003,0
267.883,83.421,3.897,0.838,4,0.421,1
401.612,52.594,5.157,0.34,4,-0.139,1
44.733,81.022,3.352,0.951,1,0.129,0
288.109,79.972,6.066,0.889,4,0.359,1
227.662,79.222,3.362,0.594,4,0.188,1
351.872,86.112,7.317,0.711,5,0.257,1
356.405,87.649,4.249,0.647,1,0.2,1
215.085,69.87,5.843,0.99,3,1.0,0
214.539,129.545,5.992,0.491,3,0.436,1
286.72,44.068,3.245,0.679,5,0.587,1
192.403,59.766,0.5,0.564,2,0.384,0
401.038,182.299,5.222,0.363,3,0.501,1
255.695,48.67,4.645,0.99,1,-0.217,0
10.0,37.619,5.612,0.414,2,0.901,0
255.021,110.707,4.047,0.694,4,0.183,1
175.375,15.0,3.639,0.302,1,0.744,0
104.247,76.765,8.517,0.57,2,0.755,0
151.509,160.104,1.555,0.734,3,-0.139,0
313.129,30.927,5.968,0.485,4,0.417,1
459.437,15.631,3.351,0.767,4,0.522,1
337.582,32.529,3.828,0.596,1,0.433,0
227.22,116.443,3.866,0.882,4,0.4,0
354.709,124.367,2.893,0.922,2,0.269,0
244.909,67.059,5.642,0.533,5,0.186,1
216.648,108.912,7.281,0.665,3,0.717,0
161.476,133.659,5.44,0.687,1,0.519,0
89.781,147.557,4.707,0.774,5,0.456,1
253.209,76.378,2.527,0.653,5,-0.08,1
318.966,15.0,5.534,0.688,1,0.323,0
288.405,56.269,8.813,0.601,2,0.383,1
250.084,70.062,3.739,0.673,3,0.652,0
186.51,75.937,3.748,0.91,1,-0.123,0
372.99,78.425,3.378,0.779,5,0.071,1
141.944,124.161,3.521,0.79,5,0.94,0
393.123,129.605,0.5,0.795,1,0.161,0
179.734,78.991,5.31,0.619,5,-0.155,1
209.708,123.447,2.809,0.714,1,0.191,0
123.986,97.518,1.279,0.433,1,0.162,0
239.832,87.258,6.006,0.904,3,0.595,0
417.037,116.729,2.336,0.093,1,0.592,0
361.875,87.529,3.823,0.633,5,0.109,1
417.411,157.023,7.433,0.878,4,0.286,0
362.657,34.656,1.682,0.377,3,0.561,0
167.56,66.969,1.435,0.73,5,0.571,0
260.305,80.572,5.039,0.514,5,0.09,1
206.376,100.381,6.799,0.576,3,0.123,1
459.669,129.379,1.351,0.839,3,1.0,0
156.385,84.146,5.315,0.69,5,0.322,1
407.244,35.222,5.662,0.243,4,0.848,1
407.154,114.488,0.5,0.455,2,0.469,0
519.554,111.424,6.097,0.845,5,0.729,0
250.838,17.035,6.253,0.74,3,0.588,1
385.479,84.867,3.876,0.99,1,0.451,0
573.798,29.345,7.005,0.987,1,0.448,0
225.883,61.737,6.773,0.582,3,0.028,1
115.795,53.402,4.706,0.99,3,0.35,1
74.399,113.324,3.597,0.655,2,0.243,1
385.525,89.089,2.554,0.457,3,0.302,1
74.022,40.004,4.425,0.523,1,0.289,0
255.322,115.802,5.64,0.199,4,0.449,1
352.478,34.817,3.852,0.971,3,0.591,0
